0 verbose cli /usr/local/bin/node /usr/local/bin/npm
1 info using npm@11.6.2
2 info using node@v25.1.0
3 silly config load:file:/usr/local/lib/node_modules/npm/npmrc
4 silly config load:file:/Users/manvinderrayat/Desktop/Projects/manvinderportfolio/.npmrc
5 silly config load:file:/Users/manvinderrayat/.npmrc
6 silly config load:file:/usr/local/etc/npmrc
7 verbose title npm install framer-motion lucide-react next-mdx-remote fuse.js clsx tailwind-merge @web3forms/react
8 verbose argv "install" "--cache" ".npm-cache" "framer-motion" "lucide-react" "next-mdx-remote" "fuse.js" "clsx" "tailwind-merge" "@web3forms/react"
9 verbose logfile logs-max:10 dir:/Users/manvinderrayat/Desktop/Projects/manvinderportfolio/.npm-cache/_logs/2026-03-09T17_56_40_814Z-
10 verbose logfile /Users/manvinderrayat/Desktop/Projects/manvinderportfolio/.npm-cache/_logs/2026-03-09T17_56_40_814Z-debug-0.log
11 silly logfile done cleaning log files
12 silly packumentCache heap:4496293888 maxSize:1124073472 maxEntrySize:562036736
13 silly idealTree buildDeps
14 silly fetch manifest framer-motion@*
15 silly packumentCache full:https://registry.npmjs.org/framer-motion cache-miss
16 http fetch GET 200 https://registry.npmjs.org/npm 261ms
17 http fetch GET 200 https://registry.npmjs.org/framer-motion 209ms (cache miss)
18 silly packumentCache full:https://registry.npmjs.org/framer-motion set size:undefined disposed:false
19 silly fetch manifest @emotion/is-prop-valid@*
20 silly packumentCache full:https://registry.npmjs.org/@emotion%2fis-prop-valid cache-miss
21 http fetch GET 200 https://registry.npmjs.org/@emotion%2fis-prop-valid 45ms (cache miss)
22 silly packumentCache full:https://registry.npmjs.org/@emotion%2fis-prop-valid set size:undefined disposed:false
23 silly fetch manifest react@19.2.3
24 silly packumentCache full:https://registry.npmjs.org/react cache-miss
25 http fetch GET 200 https://registry.npmjs.org/react 103ms (cache miss)
26 silly packumentCache full:https://registry.npmjs.org/react set size:undefined disposed:false
27 silly fetch manifest react-dom@19.2.3
28 silly packumentCache full:https://registry.npmjs.org/react-dom cache-miss
29 http fetch GET 200 https://registry.npmjs.org/react-dom 150ms (cache miss)
30 silly packumentCache full:https://registry.npmjs.org/react-dom set size:undefined disposed:false
31 silly fetch manifest lucide-react@*
32 silly packumentCache full:https://registry.npmjs.org/lucide-react cache-miss
33 http fetch GET 200 https://registry.npmjs.org/lucide-react 45ms (cache miss)
34 silly packumentCache full:https://registry.npmjs.org/lucide-react set size:undefined disposed:false
35 silly fetch manifest next-mdx-remote@*
36 silly packumentCache full:https://registry.npmjs.org/next-mdx-remote cache-miss
37 http fetch GET 200 https://registry.npmjs.org/next-mdx-remote 40ms (cache miss)
38 silly packumentCache full:https://registry.npmjs.org/next-mdx-remote set size:undefined disposed:false
39 silly fetch manifest fuse.js@*
40 silly packumentCache full:https://registry.npmjs.org/fuse.js cache-miss
41 http fetch GET 200 https://registry.npmjs.org/fuse.js 31ms (cache miss)
42 silly packumentCache full:https://registry.npmjs.org/fuse.js set size:undefined disposed:false
43 silly fetch manifest clsx@*
44 silly packumentCache full:https://registry.npmjs.org/clsx cache-miss
45 http fetch GET 200 https://registry.npmjs.org/clsx 41ms (cache miss)
46 silly packumentCache full:https://registry.npmjs.org/clsx set size:undefined disposed:false
47 silly fetch manifest tailwind-merge@*
48 silly packumentCache full:https://registry.npmjs.org/tailwind-merge cache-miss
49 http fetch GET 200 https://registry.npmjs.org/tailwind-merge 58ms (cache miss)
50 silly packumentCache full:https://registry.npmjs.org/tailwind-merge set size:undefined disposed:false
51 silly fetch manifest @web3forms/react@*
52 silly packumentCache full:https://registry.npmjs.org/@web3forms%2freact cache-miss
53 http fetch GET 200 https://registry.npmjs.org/@web3forms%2freact 284ms (cache miss)
54 silly packumentCache full:https://registry.npmjs.org/@web3forms%2freact set size:undefined disposed:false
55 silly placeDep ROOT @web3forms/react@1.1.3 OK for: manvinderportfolio@0.1.0 want: *
56 silly placeDep ROOT clsx@2.1.1 OK for: manvinderportfolio@0.1.0 want: *
57 silly placeDep ROOT framer-motion@12.35.2 OK for: manvinderportfolio@0.1.0 want: *
58 silly placeDep ROOT fuse.js@7.1.0 OK for: manvinderportfolio@0.1.0 want: *
59 silly placeDep ROOT lucide-react@0.577.0 OK for: manvinderportfolio@0.1.0 want: *
60 silly placeDep ROOT next-mdx-remote@6.0.0 OK for: manvinderportfolio@0.1.0 want: *
61 silly placeDep ROOT tailwind-merge@3.5.0 OK for: manvinderportfolio@0.1.0 want: *
62 silly fetch manifest motion-dom@^12.35.2
63 silly packumentCache full:https://registry.npmjs.org/motion-dom cache-miss
64 silly fetch manifest motion-utils@^12.29.2
65 silly packumentCache full:https://registry.npmjs.org/motion-utils cache-miss
66 silly fetch manifest @mdx-js/mdx@^3.0.1
67 silly packumentCache full:https://registry.npmjs.org/@mdx-js%2fmdx cache-miss
68 silly fetch manifest @mdx-js/react@^3.0.1
69 silly packumentCache full:https://registry.npmjs.org/@mdx-js%2freact cache-miss
70 silly fetch manifest unist-util-remove@^4.0.0
71 silly packumentCache full:https://registry.npmjs.org/unist-util-remove cache-miss
72 silly fetch manifest unist-util-visit@^5.1.0
73 silly packumentCache full:https://registry.npmjs.org/unist-util-visit cache-miss
74 silly fetch manifest vfile@^6.0.1
75 silly packumentCache full:https://registry.npmjs.org/vfile cache-miss
76 silly fetch manifest vfile-matter@^5.0.0
77 silly packumentCache full:https://registry.npmjs.org/vfile-matter cache-miss
78 http fetch GET 200 https://registry.npmjs.org/motion-dom 40ms (cache miss)
79 silly packumentCache full:https://registry.npmjs.org/motion-dom set size:undefined disposed:false
80 http fetch GET 200 https://registry.npmjs.org/motion-utils 45ms (cache miss)
81 silly packumentCache full:https://registry.npmjs.org/motion-utils set size:undefined disposed:false
82 http fetch GET 200 https://registry.npmjs.org/vfile-matter 67ms (cache miss)
83 silly packumentCache full:https://registry.npmjs.org/vfile-matter set size:undefined disposed:false
84 http fetch GET 200 https://registry.npmjs.org/unist-util-remove 72ms (cache miss)
85 silly packumentCache full:https://registry.npmjs.org/unist-util-remove set size:undefined disposed:false
86 http fetch GET 200 https://registry.npmjs.org/unist-util-visit 100ms (cache miss)
87 silly packumentCache full:https://registry.npmjs.org/unist-util-visit set size:undefined disposed:false
88 http fetch GET 200 https://registry.npmjs.org/vfile 102ms (cache miss)
89 silly packumentCache full:https://registry.npmjs.org/vfile set size:undefined disposed:false
90 http fetch GET 200 https://registry.npmjs.org/@mdx-js%2fmdx 151ms (cache miss)
91 silly packumentCache full:https://registry.npmjs.org/@mdx-js%2fmdx set size:undefined disposed:false
92 http fetch GET 200 https://registry.npmjs.org/@mdx-js%2freact 166ms (cache miss)
93 silly packumentCache full:https://registry.npmjs.org/@mdx-js%2freact set size:undefined disposed:false
94 silly placeDep ROOT motion-dom@12.35.2 OK for: framer-motion@12.35.2 want: ^12.35.2
95 silly placeDep ROOT motion-utils@12.29.2 OK for: framer-motion@12.35.2 want: ^12.29.2
96 silly fetch manifest @types/react@>=16
97 silly packumentCache full:https://registry.npmjs.org/@types%2freact cache-miss
98 http fetch GET 200 https://registry.npmjs.org/@types%2freact 104ms (cache miss)
99 silly packumentCache full:https://registry.npmjs.org/@types%2freact set size:undefined disposed:false
100 silly fetch manifest react@>=16
101 silly packumentCache full:https://registry.npmjs.org/react cache-miss
102 http cache https://registry.npmjs.org/react 20ms (cache hit)
103 silly packumentCache full:https://registry.npmjs.org/react set size:6535664 disposed:false
104 silly placeDep ROOT @mdx-js/mdx@3.1.1 OK for: next-mdx-remote@6.0.0 want: ^3.0.1
105 silly placeDep ROOT @mdx-js/react@3.1.1 OK for: next-mdx-remote@6.0.0 want: ^3.0.1
106 silly placeDep ROOT unist-util-remove@4.0.0 OK for: next-mdx-remote@6.0.0 want: ^4.0.0
107 silly placeDep ROOT unist-util-visit@5.1.0 OK for: next-mdx-remote@6.0.0 want: ^5.1.0
108 silly placeDep ROOT vfile@6.0.3 OK for: next-mdx-remote@6.0.0 want: ^6.0.1
109 silly placeDep ROOT vfile-matter@5.0.1 OK for: next-mdx-remote@6.0.0 want: ^5.0.0
110 silly fetch manifest @types/estree-jsx@^1.0.0
111 silly packumentCache full:https://registry.npmjs.org/@types%2festree-jsx cache-miss
112 silly fetch manifest @types/hast@^3.0.0
113 silly packumentCache full:https://registry.npmjs.org/@types%2fhast cache-miss
114 silly fetch manifest @types/mdx@^2.0.0
115 silly packumentCache full:https://registry.npmjs.org/@types%2fmdx cache-miss
116 silly fetch manifest collapse-white-space@^2.0.0
117 silly packumentCache full:https://registry.npmjs.org/collapse-white-space cache-miss
118 silly fetch manifest devlop@^1.0.0
119 silly packumentCache full:https://registry.npmjs.org/devlop cache-miss
120 silly fetch manifest estree-util-is-identifier-name@^3.0.0
121 silly packumentCache full:https://registry.npmjs.org/estree-util-is-identifier-name cache-miss
122 silly fetch manifest estree-util-scope@^1.0.0
123 silly packumentCache full:https://registry.npmjs.org/estree-util-scope cache-miss
124 silly fetch manifest estree-walker@^3.0.0
125 silly packumentCache full:https://registry.npmjs.org/estree-walker cache-miss
126 silly fetch manifest hast-util-to-jsx-runtime@^2.0.0
127 silly packumentCache full:https://registry.npmjs.org/hast-util-to-jsx-runtime cache-miss
128 http fetch GET 200 https://registry.npmjs.org/estree-util-scope 35ms (cache miss)
129 silly packumentCache full:https://registry.npmjs.org/estree-util-scope set size:undefined disposed:false
130 silly fetch manifest markdown-extensions@^2.0.0
131 silly packumentCache full:https://registry.npmjs.org/markdown-extensions cache-miss
132 http fetch GET 200 https://registry.npmjs.org/estree-util-is-identifier-name 36ms (cache miss)
133 silly packumentCache full:https://registry.npmjs.org/estree-util-is-identifier-name set size:undefined disposed:false
134 silly fetch manifest recma-build-jsx@^1.0.0
135 silly packumentCache full:https://registry.npmjs.org/recma-build-jsx cache-miss
136 http fetch GET 200 https://registry.npmjs.org/estree-walker 37ms (cache miss)
137 silly packumentCache full:https://registry.npmjs.org/estree-walker set size:undefined disposed:false
138 silly fetch manifest recma-jsx@^1.0.0
139 silly packumentCache full:https://registry.npmjs.org/recma-jsx cache-miss
140 http fetch GET 200 https://registry.npmjs.org/devlop 40ms (cache miss)
141 silly packumentCache full:https://registry.npmjs.org/devlop set size:undefined disposed:false
142 silly fetch manifest recma-stringify@^1.0.0
143 silly packumentCache full:https://registry.npmjs.org/recma-stringify cache-miss
144 http fetch GET 200 https://registry.npmjs.org/@types%2fhast 43ms (cache miss)
145 silly packumentCache full:https://registry.npmjs.org/@types%2fhast set size:undefined disposed:false
146 silly fetch manifest rehype-recma@^1.0.0
147 silly packumentCache full:https://registry.npmjs.org/rehype-recma cache-miss
148 http fetch GET 200 https://registry.npmjs.org/collapse-white-space 43ms (cache miss)
149 silly packumentCache full:https://registry.npmjs.org/collapse-white-space set size:undefined disposed:false
150 silly fetch manifest remark-mdx@^3.0.0
151 silly packumentCache full:https://registry.npmjs.org/remark-mdx cache-miss
152 http fetch GET 200 https://registry.npmjs.org/@types%2fmdx 47ms (cache miss)
153 silly packumentCache full:https://registry.npmjs.org/@types%2fmdx set size:undefined disposed:false
154 silly fetch manifest remark-parse@^11.0.0
155 silly packumentCache full:https://registry.npmjs.org/remark-parse cache-miss
156 http fetch GET 200 https://registry.npmjs.org/@types%2festree-jsx 55ms (cache miss)
157 silly packumentCache full:https://registry.npmjs.org/@types%2festree-jsx set size:undefined disposed:false
158 silly fetch manifest remark-rehype@^11.0.0
159 silly packumentCache full:https://registry.npmjs.org/remark-rehype cache-miss
160 http fetch GET 200 https://registry.npmjs.org/recma-jsx 28ms (cache miss)
161 silly packumentCache full:https://registry.npmjs.org/recma-jsx set size:undefined disposed:false
162 silly fetch manifest source-map@^0.7.0
163 silly packumentCache full:https://registry.npmjs.org/source-map cache-miss
164 http fetch GET 200 https://registry.npmjs.org/recma-build-jsx 31ms (cache miss)
165 silly packumentCache full:https://registry.npmjs.org/recma-build-jsx set size:undefined disposed:false
166 silly fetch manifest unified@^11.0.0
167 silly packumentCache full:https://registry.npmjs.org/unified cache-miss
168 http fetch GET 200 https://registry.npmjs.org/rehype-recma 30ms (cache miss)
169 silly packumentCache full:https://registry.npmjs.org/rehype-recma set size:undefined disposed:false
170 silly fetch manifest unist-util-position-from-estree@^2.0.0
171 silly packumentCache full:https://registry.npmjs.org/unist-util-position-from-estree cache-miss
172 http fetch GET 200 https://registry.npmjs.org/recma-stringify 33ms (cache miss)
173 silly packumentCache full:https://registry.npmjs.org/recma-stringify set size:undefined disposed:false
174 silly fetch manifest unist-util-stringify-position@^4.0.0
175 silly packumentCache full:https://registry.npmjs.org/unist-util-stringify-position cache-miss
176 http fetch GET 200 https://registry.npmjs.org/hast-util-to-jsx-runtime 74ms (cache miss)
177 silly packumentCache full:https://registry.npmjs.org/hast-util-to-jsx-runtime set size:undefined disposed:false
178 silly fetch manifest unist-util-visit@^5.0.0
179 silly packumentCache full:https://registry.npmjs.org/unist-util-visit cache-miss
180 http cache https://registry.npmjs.org/unist-util-visit 6ms (cache hit)
181 silly packumentCache full:https://registry.npmjs.org/unist-util-visit set size:90557 disposed:false
182 silly fetch manifest vfile@^6.0.0
183 silly packumentCache full:https://registry.npmjs.org/vfile cache-miss
184 http fetch GET 200 https://registry.npmjs.org/markdown-extensions 48ms (cache miss)
185 silly packumentCache full:https://registry.npmjs.org/markdown-extensions set size:undefined disposed:false
186 silly fetch manifest @types/unist@^3.0.0
187 silly packumentCache full:https://registry.npmjs.org/@types%2funist cache-miss
188 http fetch GET 200 https://registry.npmjs.org/remark-parse 39ms (cache miss)
189 silly packumentCache full:https://registry.npmjs.org/remark-parse set size:undefined disposed:false
190 silly fetch manifest unist-util-is@^6.0.0
191 silly packumentCache full:https://registry.npmjs.org/unist-util-is cache-miss
192 http cache https://registry.npmjs.org/vfile 5ms (cache hit)
193 silly packumentCache full:https://registry.npmjs.org/vfile set size:172678 disposed:false
194 silly fetch manifest unist-util-visit-parents@^6.0.0
195 silly packumentCache full:https://registry.npmjs.org/unist-util-visit-parents cache-miss
196 http fetch GET 200 https://registry.npmjs.org/remark-mdx 47ms (cache miss)
197 silly packumentCache full:https://registry.npmjs.org/remark-mdx set size:undefined disposed:false
198 silly fetch manifest @types/unist@^3.0.0
199 silly packumentCache full:https://registry.npmjs.org/@types%2funist cache-miss
200 http fetch GET 200 https://registry.npmjs.org/remark-rehype 40ms (cache miss)
201 silly packumentCache full:https://registry.npmjs.org/remark-rehype set size:undefined disposed:false
202 silly fetch manifest unist-util-is@^6.0.0
203 silly packumentCache full:https://registry.npmjs.org/unist-util-is cache-miss
204 http fetch GET 200 https://registry.npmjs.org/source-map 40ms (cache miss)
205 silly packumentCache full:https://registry.npmjs.org/source-map set size:undefined disposed:false
206 silly fetch manifest unist-util-visit-parents@^6.0.0
207 silly packumentCache full:https://registry.npmjs.org/unist-util-visit-parents cache-miss
208 http fetch GET 200 https://registry.npmjs.org/unified 44ms (cache miss)
209 silly packumentCache full:https://registry.npmjs.org/unified set size:undefined disposed:false
210 silly fetch manifest @types/unist@^3.0.0
211 silly packumentCache full:https://registry.npmjs.org/@types%2funist cache-miss
212 http fetch GET 200 https://registry.npmjs.org/unist-util-position-from-estree 50ms (cache miss)
213 silly packumentCache full:https://registry.npmjs.org/unist-util-position-from-estree set size:undefined disposed:false
214 silly fetch manifest vfile-message@^4.0.0
215 silly packumentCache full:https://registry.npmjs.org/vfile-message cache-miss
216 http fetch GET 200 https://registry.npmjs.org/@types%2funist 44ms (cache miss)
217 silly packumentCache full:https://registry.npmjs.org/@types%2funist set size:undefined disposed:false
218 silly fetch manifest yaml@^2.0.0
219 silly packumentCache full:https://registry.npmjs.org/yaml cache-miss
220 http fetch GET 200 https://registry.npmjs.org/unist-util-stringify-position 55ms (cache miss)
221 silly packumentCache full:https://registry.npmjs.org/unist-util-stringify-position set size:undefined disposed:false
222 http fetch GET 200 https://registry.npmjs.org/@types%2funist 37ms (cache miss)
223 silly packumentCache full:https://registry.npmjs.org/@types%2funist set size:undefined disposed:false
224 http fetch GET 200 https://registry.npmjs.org/unist-util-is 44ms (cache miss)
225 silly packumentCache full:https://registry.npmjs.org/unist-util-is set size:undefined disposed:false
226 http fetch GET 200 https://registry.npmjs.org/unist-util-visit-parents 47ms (cache miss)
227 silly packumentCache full:https://registry.npmjs.org/unist-util-visit-parents set size:undefined disposed:false
228 http fetch GET 200 https://registry.npmjs.org/unist-util-visit-parents 37ms (cache miss)
229 silly packumentCache full:https://registry.npmjs.org/unist-util-visit-parents set size:undefined disposed:false
230 http fetch GET 200 https://registry.npmjs.org/@types%2funist 35ms (cache miss)
231 silly packumentCache full:https://registry.npmjs.org/@types%2funist set size:undefined disposed:false
232 http fetch GET 200 https://registry.npmjs.org/unist-util-is 55ms (cache miss)
233 silly packumentCache full:https://registry.npmjs.org/unist-util-is set size:undefined disposed:false
234 http fetch GET 200 https://registry.npmjs.org/yaml 33ms (cache miss)
235 silly packumentCache full:https://registry.npmjs.org/yaml set size:undefined disposed:false
236 http fetch GET 200 https://registry.npmjs.org/vfile-message 40ms (cache miss)
237 silly packumentCache full:https://registry.npmjs.org/vfile-message set size:undefined disposed:false
238 silly fetch manifest acorn@^8.0.0
239 silly packumentCache full:https://registry.npmjs.org/acorn cache-miss
240 http fetch GET 200 https://registry.npmjs.org/acorn 33ms (cache miss)
241 silly packumentCache full:https://registry.npmjs.org/acorn set size:undefined disposed:false
242 silly placeDep ROOT @types/estree-jsx@1.0.5 OK for: @mdx-js/mdx@3.1.1 want: ^1.0.0
243 silly placeDep ROOT @types/hast@3.0.4 OK for: @mdx-js/mdx@3.1.1 want: ^3.0.0
244 silly placeDep ROOT @types/mdx@2.0.13 OK for: @mdx-js/mdx@3.1.1 want: ^2.0.0
245 silly placeDep ROOT collapse-white-space@2.1.0 OK for: @mdx-js/mdx@3.1.1 want: ^2.0.0
246 silly placeDep ROOT devlop@1.1.0 OK for: @mdx-js/mdx@3.1.1 want: ^1.0.0
247 silly placeDep ROOT estree-util-is-identifier-name@3.0.0 OK for: @mdx-js/mdx@3.1.1 want: ^3.0.0
248 silly placeDep ROOT estree-util-scope@1.0.0 OK for: @mdx-js/mdx@3.1.1 want: ^1.0.0
249 silly placeDep ROOT estree-walker@3.0.3 OK for: @mdx-js/mdx@3.1.1 want: ^3.0.0
250 silly placeDep ROOT hast-util-to-jsx-runtime@2.3.6 OK for: @mdx-js/mdx@3.1.1 want: ^2.0.0
251 silly placeDep ROOT markdown-extensions@2.0.0 OK for: @mdx-js/mdx@3.1.1 want: ^2.0.0
252 silly placeDep ROOT recma-build-jsx@1.0.0 OK for: @mdx-js/mdx@3.1.1 want: ^1.0.0
253 silly placeDep ROOT recma-jsx@1.0.1 OK for: @mdx-js/mdx@3.1.1 want: ^1.0.0
254 silly placeDep ROOT recma-stringify@1.0.0 OK for: @mdx-js/mdx@3.1.1 want: ^1.0.0
255 silly placeDep ROOT rehype-recma@1.0.0 OK for: @mdx-js/mdx@3.1.1 want: ^1.0.0
256 silly placeDep ROOT remark-mdx@3.1.1 OK for: @mdx-js/mdx@3.1.1 want: ^3.0.0
257 silly placeDep ROOT remark-parse@11.0.0 OK for: @mdx-js/mdx@3.1.1 want: ^11.0.0
258 silly placeDep ROOT remark-rehype@11.1.2 OK for: @mdx-js/mdx@3.1.1 want: ^11.0.0
259 silly placeDep ROOT source-map@0.7.6 OK for: @mdx-js/mdx@3.1.1 want: ^0.7.0
260 silly placeDep ROOT unified@11.0.5 OK for: @mdx-js/mdx@3.1.1 want: ^11.0.0
261 silly placeDep ROOT unist-util-position-from-estree@2.0.0 OK for: @mdx-js/mdx@3.1.1 want: ^2.0.0
262 silly placeDep ROOT unist-util-stringify-position@4.0.0 OK for: @mdx-js/mdx@3.1.1 want: ^4.0.0
263 silly fetch manifest @types/unist@*
264 silly packumentCache full:https://registry.npmjs.org/@types%2funist cache-miss
265 silly fetch manifest dequal@^2.0.0
266 silly packumentCache full:https://registry.npmjs.org/dequal cache-miss
267 silly fetch manifest comma-separated-tokens@^2.0.0
268 silly packumentCache full:https://registry.npmjs.org/comma-separated-tokens cache-miss
269 silly fetch manifest hast-util-whitespace@^3.0.0
270 silly packumentCache full:https://registry.npmjs.org/hast-util-whitespace cache-miss
271 silly fetch manifest mdast-util-mdx-expression@^2.0.0
272 silly packumentCache full:https://registry.npmjs.org/mdast-util-mdx-expression cache-miss
273 silly fetch manifest mdast-util-mdx-jsx@^3.0.0
274 silly packumentCache full:https://registry.npmjs.org/mdast-util-mdx-jsx cache-miss
275 silly fetch manifest mdast-util-mdxjs-esm@^2.0.0
276 silly packumentCache full:https://registry.npmjs.org/mdast-util-mdxjs-esm cache-miss
277 silly fetch manifest property-information@^7.0.0
278 silly packumentCache full:https://registry.npmjs.org/property-information cache-miss
279 silly fetch manifest space-separated-tokens@^2.0.0
280 silly packumentCache full:https://registry.npmjs.org/space-separated-tokens cache-miss
281 http cache https://registry.npmjs.org/@types%2funist 5ms (cache hit)
282 silly packumentCache full:https://registry.npmjs.org/@types%2funist set size:39215 disposed:false
283 silly fetch manifest style-to-js@^1.0.0
284 silly packumentCache full:https://registry.npmjs.org/style-to-js cache-miss
285 http fetch GET 200 https://registry.npmjs.org/dequal 34ms (cache miss)
286 silly packumentCache full:https://registry.npmjs.org/dequal set size:undefined disposed:false
287 silly fetch manifest unist-util-position@^5.0.0
288 silly packumentCache full:https://registry.npmjs.org/unist-util-position cache-miss
289 http fetch GET 200 https://registry.npmjs.org/mdast-util-mdxjs-esm 34ms (cache miss)
290 silly packumentCache full:https://registry.npmjs.org/mdast-util-mdxjs-esm set size:undefined disposed:false
291 silly fetch manifest estree-util-build-jsx@^3.0.0
292 silly packumentCache full:https://registry.npmjs.org/estree-util-build-jsx cache-miss
293 http fetch GET 200 https://registry.npmjs.org/comma-separated-tokens 38ms (cache miss)
294 silly packumentCache full:https://registry.npmjs.org/comma-separated-tokens set size:undefined disposed:false
295 silly fetch manifest estree-util-to-js@^2.0.0
296 silly packumentCache full:https://registry.npmjs.org/estree-util-to-js cache-miss
297 http fetch GET 200 https://registry.npmjs.org/space-separated-tokens 38ms (cache miss)
298 silly packumentCache full:https://registry.npmjs.org/space-separated-tokens set size:undefined disposed:false
299 silly fetch manifest recma-parse@^1.0.0
300 silly packumentCache full:https://registry.npmjs.org/recma-parse cache-miss
301 http fetch GET 200 https://registry.npmjs.org/style-to-js 37ms (cache miss)
302 silly packumentCache full:https://registry.npmjs.org/style-to-js set size:undefined disposed:false
303 silly fetch manifest estree-util-to-js@^2.0.0
304 silly packumentCache full:https://registry.npmjs.org/estree-util-to-js cache-miss
305 http fetch GET 200 https://registry.npmjs.org/hast-util-whitespace 43ms (cache miss)
306 silly packumentCache full:https://registry.npmjs.org/hast-util-whitespace set size:undefined disposed:false
307 silly fetch manifest hast-util-to-estree@^3.0.0
308 silly packumentCache full:https://registry.npmjs.org/hast-util-to-estree cache-miss
309 http fetch GET 200 https://registry.npmjs.org/mdast-util-mdx-jsx 47ms (cache miss)
310 silly packumentCache full:https://registry.npmjs.org/mdast-util-mdx-jsx set size:undefined disposed:false
311 silly fetch manifest mdast-util-mdx@^3.0.0
312 silly packumentCache full:https://registry.npmjs.org/mdast-util-mdx cache-miss
313 http fetch GET 200 https://registry.npmjs.org/property-information 51ms (cache miss)
314 silly packumentCache full:https://registry.npmjs.org/property-information set size:undefined disposed:false
315 silly fetch manifest micromark-extension-mdxjs@^3.0.0
316 silly packumentCache full:https://registry.npmjs.org/micromark-extension-mdxjs cache-miss
317 http fetch GET 200 https://registry.npmjs.org/mdast-util-mdx-expression 55ms (cache miss)
318 silly packumentCache full:https://registry.npmjs.org/mdast-util-mdx-expression set size:undefined disposed:false
319 silly fetch manifest @types/mdast@^4.0.0
320 silly packumentCache full:https://registry.npmjs.org/@types%2fmdast cache-miss
321 http fetch GET 200 https://registry.npmjs.org/estree-util-to-js 30ms (cache miss)
322 silly packumentCache full:https://registry.npmjs.org/estree-util-to-js set size:undefined disposed:false
323 silly fetch manifest mdast-util-from-markdown@^2.0.0
324 silly packumentCache full:https://registry.npmjs.org/mdast-util-from-markdown cache-miss
325 http fetch GET 200 https://registry.npmjs.org/estree-util-to-js 31ms (cache miss)
326 silly packumentCache full:https://registry.npmjs.org/estree-util-to-js set size:undefined disposed:false
327 silly fetch manifest micromark-util-types@^2.0.0
328 silly packumentCache full:https://registry.npmjs.org/micromark-util-types cache-miss
329 http fetch GET 200 https://registry.npmjs.org/recma-parse 35ms (cache miss)
330 silly packumentCache full:https://registry.npmjs.org/recma-parse set size:undefined disposed:false
331 silly fetch manifest @types/mdast@^4.0.0
332 silly packumentCache full:https://registry.npmjs.org/@types%2fmdast cache-miss
333 http fetch GET 200 https://registry.npmjs.org/unist-util-position 42ms (cache miss)
334 silly packumentCache full:https://registry.npmjs.org/unist-util-position set size:undefined disposed:false
335 silly fetch manifest mdast-util-to-hast@^13.0.0
336 silly packumentCache full:https://registry.npmjs.org/mdast-util-to-hast cache-miss
337 http fetch GET 200 https://registry.npmjs.org/estree-util-build-jsx 45ms (cache miss)
338 silly packumentCache full:https://registry.npmjs.org/estree-util-build-jsx set size:undefined disposed:false
339 silly fetch manifest bail@^2.0.0
340 silly packumentCache full:https://registry.npmjs.org/bail cache-miss
341 http fetch GET 200 https://registry.npmjs.org/hast-util-to-estree 38ms (cache miss)
342 silly packumentCache full:https://registry.npmjs.org/hast-util-to-estree set size:undefined disposed:false
343 silly fetch manifest extend@^3.0.0
344 silly packumentCache full:https://registry.npmjs.org/extend cache-miss
345 http fetch GET 200 https://registry.npmjs.org/mdast-util-mdx 38ms (cache miss)
346 silly packumentCache full:https://registry.npmjs.org/mdast-util-mdx set size:undefined disposed:false
347 silly fetch manifest is-plain-obj@^4.0.0
348 silly packumentCache full:https://registry.npmjs.org/is-plain-obj cache-miss
349 http fetch GET 200 https://registry.npmjs.org/micromark-extension-mdxjs 33ms (cache miss)
350 silly packumentCache full:https://registry.npmjs.org/micromark-extension-mdxjs set size:undefined disposed:false
351 silly fetch manifest trough@^2.0.0
352 silly packumentCache full:https://registry.npmjs.org/trough cache-miss
353 http fetch GET 200 https://registry.npmjs.org/@types%2fmdast 69ms (cache miss)
354 silly packumentCache full:https://registry.npmjs.org/@types%2fmdast set size:undefined disposed:false
355 http fetch GET 200 https://registry.npmjs.org/mdast-util-from-markdown 57ms (cache miss)
356 silly packumentCache full:https://registry.npmjs.org/mdast-util-from-markdown set size:undefined disposed:false
357 http fetch GET 200 https://registry.npmjs.org/is-plain-obj 41ms (cache miss)
358 silly packumentCache full:https://registry.npmjs.org/is-plain-obj set size:undefined disposed:false
359 http fetch GET 200 https://registry.npmjs.org/extend 47ms (cache miss)
360 silly packumentCache full:https://registry.npmjs.org/extend set size:undefined disposed:false
361 http fetch GET 200 https://registry.npmjs.org/trough 42ms (cache miss)
362 silly packumentCache full:https://registry.npmjs.org/trough set size:undefined disposed:false
363 http fetch GET 200 https://registry.npmjs.org/@types%2fmdast 85ms (cache miss)
364 silly packumentCache full:https://registry.npmjs.org/@types%2fmdast set size:undefined disposed:false
365 http fetch GET 200 https://registry.npmjs.org/mdast-util-to-hast 87ms (cache miss)
366 silly packumentCache full:https://registry.npmjs.org/mdast-util-to-hast set size:undefined disposed:false
367 http fetch GET 200 https://registry.npmjs.org/micromark-util-types 91ms (cache miss)
368 silly packumentCache full:https://registry.npmjs.org/micromark-util-types set size:undefined disposed:false
369 http fetch GET 200 https://registry.npmjs.org/bail 85ms (cache miss)
370 silly packumentCache full:https://registry.npmjs.org/bail set size:undefined disposed:false
371 silly placeDep ROOT @types/unist@3.0.3 OK for: @types/hast@3.0.4 want: *
372 silly placeDep ROOT dequal@2.0.3 OK for: devlop@1.1.0 want: ^2.0.0
373 silly placeDep ROOT comma-separated-tokens@2.0.3 OK for: hast-util-to-jsx-runtime@2.3.6 want: ^2.0.0
374 silly placeDep ROOT hast-util-whitespace@3.0.0 OK for: hast-util-to-jsx-runtime@2.3.6 want: ^3.0.0
375 silly placeDep ROOT mdast-util-mdx-expression@2.0.1 OK for: hast-util-to-jsx-runtime@2.3.6 want: ^2.0.0
376 silly placeDep ROOT mdast-util-mdx-jsx@3.2.0 OK for: hast-util-to-jsx-runtime@2.3.6 want: ^3.0.0
377 silly placeDep ROOT mdast-util-mdxjs-esm@2.0.1 OK for: hast-util-to-jsx-runtime@2.3.6 want: ^2.0.0
378 silly placeDep ROOT property-information@7.1.0 OK for: hast-util-to-jsx-runtime@2.3.6 want: ^7.0.0
379 silly placeDep ROOT space-separated-tokens@2.0.2 OK for: hast-util-to-jsx-runtime@2.3.6 want: ^2.0.0
380 silly placeDep ROOT style-to-js@1.1.21 OK for: hast-util-to-jsx-runtime@2.3.6 want: ^1.0.0
381 silly placeDep ROOT unist-util-position@5.0.0 OK for: hast-util-to-jsx-runtime@2.3.6 want: ^5.0.0
382 silly placeDep ROOT vfile-message@4.0.3 OK for: hast-util-to-jsx-runtime@2.3.6 want: ^4.0.0
383 silly fetch manifest mdast-util-to-markdown@^2.0.0
384 silly packumentCache full:https://registry.npmjs.org/mdast-util-to-markdown cache-miss
385 silly fetch manifest ccount@^2.0.0
386 silly packumentCache full:https://registry.npmjs.org/ccount cache-miss
387 silly fetch manifest mdast-util-to-markdown@^2.0.0
388 silly packumentCache full:https://registry.npmjs.org/mdast-util-to-markdown cache-miss
389 silly fetch manifest parse-entities@^4.0.0
390 silly packumentCache full:https://registry.npmjs.org/parse-entities cache-miss
391 silly fetch manifest stringify-entities@^4.0.0
392 silly packumentCache full:https://registry.npmjs.org/stringify-entities cache-miss
393 silly fetch manifest mdast-util-to-markdown@^2.0.0
394 silly packumentCache full:https://registry.npmjs.org/mdast-util-to-markdown cache-miss
395 silly fetch manifest style-to-object@1.0.14
396 silly packumentCache full:https://registry.npmjs.org/style-to-object cache-miss
397 http fetch GET 200 https://registry.npmjs.org/parse-entities 29ms (cache miss)
398 silly packumentCache full:https://registry.npmjs.org/parse-entities set size:undefined disposed:false
399 http fetch GET 200 https://registry.npmjs.org/ccount 33ms (cache miss)
400 silly packumentCache full:https://registry.npmjs.org/ccount set size:undefined disposed:false
401 http fetch GET 200 https://registry.npmjs.org/mdast-util-to-markdown 37ms (cache miss)
402 silly packumentCache full:https://registry.npmjs.org/mdast-util-to-markdown set size:undefined disposed:false
403 http fetch GET 200 https://registry.npmjs.org/style-to-object 42ms (cache miss)
404 silly packumentCache full:https://registry.npmjs.org/style-to-object set size:undefined disposed:false
405 http fetch GET 200 https://registry.npmjs.org/mdast-util-to-markdown 44ms (cache miss)
406 silly packumentCache full:https://registry.npmjs.org/mdast-util-to-markdown set size:undefined disposed:false
407 http fetch GET 200 https://registry.npmjs.org/mdast-util-to-markdown 47ms (cache miss)
408 silly packumentCache full:https://registry.npmjs.org/mdast-util-to-markdown set size:undefined disposed:false
409 http fetch GET 200 https://registry.npmjs.org/stringify-entities 48ms (cache miss)
410 silly packumentCache full:https://registry.npmjs.org/stringify-entities set size:undefined disposed:false
411 silly placeDep ROOT @types/mdast@4.0.4 OK for: mdast-util-mdx-expression@2.0.1 want: ^4.0.0
412 silly placeDep ROOT mdast-util-from-markdown@2.0.3 OK for: mdast-util-mdx-expression@2.0.1 want: ^2.0.0
413 silly placeDep ROOT mdast-util-to-markdown@2.1.2 OK for: mdast-util-mdx-expression@2.0.1 want: ^2.0.0
414 silly fetch manifest decode-named-character-reference@^1.0.0
415 silly packumentCache full:https://registry.npmjs.org/decode-named-character-reference cache-miss
416 silly fetch manifest mdast-util-to-string@^4.0.0
417 silly packumentCache full:https://registry.npmjs.org/mdast-util-to-string cache-miss
418 silly fetch manifest micromark@^4.0.0
419 silly packumentCache full:https://registry.npmjs.org/micromark cache-miss
420 silly fetch manifest micromark-util-decode-numeric-character-reference@^2.0.0
421 silly packumentCache full:https://registry.npmjs.org/micromark-util-decode-numeric-character-reference cache-miss
422 silly fetch manifest micromark-util-decode-string@^2.0.0
423 silly packumentCache full:https://registry.npmjs.org/micromark-util-decode-string cache-miss
424 silly fetch manifest micromark-util-normalize-identifier@^2.0.0
425 silly packumentCache full:https://registry.npmjs.org/micromark-util-normalize-identifier cache-miss
426 silly fetch manifest micromark-util-symbol@^2.0.0
427 silly packumentCache full:https://registry.npmjs.org/micromark-util-symbol cache-miss
428 silly fetch manifest longest-streak@^3.0.0
429 silly packumentCache full:https://registry.npmjs.org/longest-streak cache-miss
430 silly fetch manifest mdast-util-phrasing@^4.0.0
431 silly packumentCache full:https://registry.npmjs.org/mdast-util-phrasing cache-miss
432 http fetch GET 200 https://registry.npmjs.org/micromark-util-normalize-identifier 30ms (cache miss)
433 silly packumentCache full:https://registry.npmjs.org/micromark-util-normalize-identifier set size:undefined disposed:false
434 silly fetch manifest mdast-util-to-string@^4.0.0
435 silly packumentCache full:https://registry.npmjs.org/mdast-util-to-string cache-miss
436 http fetch GET 200 https://registry.npmjs.org/longest-streak 31ms (cache miss)
437 silly packumentCache full:https://registry.npmjs.org/longest-streak set size:undefined disposed:false
438 silly fetch manifest micromark-util-classify-character@^2.0.0
439 silly packumentCache full:https://registry.npmjs.org/micromark-util-classify-character cache-miss
440 http fetch GET 200 https://registry.npmjs.org/micromark-util-decode-numeric-character-reference 36ms (cache miss)
441 silly packumentCache full:https://registry.npmjs.org/micromark-util-decode-numeric-character-reference set size:undefined disposed:false
442 silly fetch manifest micromark-util-decode-string@^2.0.0
443 silly packumentCache full:https://registry.npmjs.org/micromark-util-decode-string cache-miss
444 http fetch GET 200 https://registry.npmjs.org/micromark-util-decode-string 38ms (cache miss)
445 silly packumentCache full:https://registry.npmjs.org/micromark-util-decode-string set size:undefined disposed:false
446 silly fetch manifest zwitch@^2.0.0
447 silly packumentCache full:https://registry.npmjs.org/zwitch cache-miss
448 http fetch GET 200 https://registry.npmjs.org/micromark-util-symbol 39ms (cache miss)
449 silly packumentCache full:https://registry.npmjs.org/micromark-util-symbol set size:undefined disposed:false
450 http fetch GET 200 https://registry.npmjs.org/micromark 42ms (cache miss)
451 silly packumentCache full:https://registry.npmjs.org/micromark set size:undefined disposed:false
452 http cache https://registry.npmjs.org/micromark-util-decode-string 7ms (cache hit)
453 silly packumentCache full:https://registry.npmjs.org/micromark-util-decode-string set size:20340 disposed:false
454 http fetch GET 200 https://registry.npmjs.org/decode-named-character-reference 45ms (cache miss)
455 silly packumentCache full:https://registry.npmjs.org/decode-named-character-reference set size:undefined disposed:false
456 http fetch GET 200 https://registry.npmjs.org/mdast-util-phrasing 45ms (cache miss)
457 silly packumentCache full:https://registry.npmjs.org/mdast-util-phrasing set size:undefined disposed:false
458 http fetch GET 200 https://registry.npmjs.org/mdast-util-to-string 22ms (cache miss)
459 silly packumentCache full:https://registry.npmjs.org/mdast-util-to-string set size:undefined disposed:false
460 http fetch GET 200 https://registry.npmjs.org/mdast-util-to-string 71ms (cache miss)
461 silly packumentCache full:https://registry.npmjs.org/mdast-util-to-string set size:undefined disposed:false
462 http fetch GET 200 https://registry.npmjs.org/micromark-util-classify-character 40ms (cache miss)
463 silly packumentCache full:https://registry.npmjs.org/micromark-util-classify-character set size:undefined disposed:false
464 http fetch GET 200 https://registry.npmjs.org/zwitch 36ms (cache miss)
465 silly packumentCache full:https://registry.npmjs.org/zwitch set size:undefined disposed:false
466 silly placeDep ROOT decode-named-character-reference@1.3.0 OK for: mdast-util-from-markdown@2.0.3 want: ^1.0.0
467 silly placeDep ROOT mdast-util-to-string@4.0.0 OK for: mdast-util-from-markdown@2.0.3 want: ^4.0.0
468 silly placeDep ROOT micromark@4.0.2 OK for: mdast-util-from-markdown@2.0.3 want: ^4.0.0
469 silly placeDep ROOT micromark-util-decode-numeric-character-reference@2.0.2 OK for: mdast-util-from-markdown@2.0.3 want: ^2.0.0
470 silly placeDep ROOT micromark-util-decode-string@2.0.1 OK for: mdast-util-from-markdown@2.0.3 want: ^2.0.0
471 silly placeDep ROOT micromark-util-normalize-identifier@2.0.1 OK for: mdast-util-from-markdown@2.0.3 want: ^2.0.0
472 silly placeDep ROOT micromark-util-symbol@2.0.1 OK for: mdast-util-from-markdown@2.0.3 want: ^2.0.0
473 silly placeDep ROOT micromark-util-types@2.0.2 OK for: mdast-util-from-markdown@2.0.3 want: ^2.0.0
474 silly fetch manifest character-entities@^2.0.0
475 silly packumentCache full:https://registry.npmjs.org/character-entities cache-miss
476 silly fetch manifest @types/debug@^4.0.0
477 silly packumentCache full:https://registry.npmjs.org/@types%2fdebug cache-miss
478 silly fetch manifest micromark-core-commonmark@^2.0.0
479 silly packumentCache full:https://registry.npmjs.org/micromark-core-commonmark cache-miss
480 silly fetch manifest micromark-factory-space@^2.0.0
481 silly packumentCache full:https://registry.npmjs.org/micromark-factory-space cache-miss
482 silly fetch manifest micromark-util-character@^2.0.0
483 silly packumentCache full:https://registry.npmjs.org/micromark-util-character cache-miss
484 silly fetch manifest micromark-util-chunked@^2.0.0
485 silly packumentCache full:https://registry.npmjs.org/micromark-util-chunked cache-miss
486 silly fetch manifest micromark-util-combine-extensions@^2.0.0
487 silly packumentCache full:https://registry.npmjs.org/micromark-util-combine-extensions cache-miss
488 silly fetch manifest micromark-util-encode@^2.0.0
489 silly packumentCache full:https://registry.npmjs.org/micromark-util-encode cache-miss
490 silly fetch manifest micromark-util-resolve-all@^2.0.0
491 silly packumentCache full:https://registry.npmjs.org/micromark-util-resolve-all cache-miss
492 http fetch GET 200 https://registry.npmjs.org/micromark-util-chunked 31ms (cache miss)
493 silly packumentCache full:https://registry.npmjs.org/micromark-util-chunked set size:undefined disposed:false
494 silly fetch manifest micromark-util-sanitize-uri@^2.0.0
495 silly packumentCache full:https://registry.npmjs.org/micromark-util-sanitize-uri cache-miss
496 http fetch GET 200 https://registry.npmjs.org/micromark-util-resolve-all 33ms (cache miss)
497 silly packumentCache full:https://registry.npmjs.org/micromark-util-resolve-all set size:undefined disposed:false
498 silly fetch manifest micromark-util-subtokenize@^2.0.0
499 silly packumentCache full:https://registry.npmjs.org/micromark-util-subtokenize cache-miss
500 http fetch GET 200 https://registry.npmjs.org/micromark-factory-space 36ms (cache miss)
501 silly packumentCache full:https://registry.npmjs.org/micromark-factory-space set size:undefined disposed:false
502 silly fetch manifest micromark-util-character@^2.0.0
503 silly packumentCache full:https://registry.npmjs.org/micromark-util-character cache-miss
504 http fetch GET 200 https://registry.npmjs.org/@types%2fdebug 37ms (cache miss)
505 silly packumentCache full:https://registry.npmjs.org/@types%2fdebug set size:undefined disposed:false
506 http fetch GET 200 https://registry.npmjs.org/micromark-util-character 40ms (cache miss)
507 silly packumentCache full:https://registry.npmjs.org/micromark-util-character set size:undefined disposed:false
508 http fetch GET 200 https://registry.npmjs.org/micromark-util-combine-extensions 41ms (cache miss)
509 silly packumentCache full:https://registry.npmjs.org/micromark-util-combine-extensions set size:undefined disposed:false
510 http fetch GET 200 https://registry.npmjs.org/micromark-core-commonmark 42ms (cache miss)
511 silly packumentCache full:https://registry.npmjs.org/micromark-core-commonmark set size:undefined disposed:false
512 http fetch GET 200 https://registry.npmjs.org/character-entities 43ms (cache miss)
513 silly packumentCache full:https://registry.npmjs.org/character-entities set size:undefined disposed:false
514 http fetch GET 200 https://registry.npmjs.org/micromark-util-character 28ms (cache miss)
515 silly packumentCache full:https://registry.npmjs.org/micromark-util-character set size:undefined disposed:false
516 http fetch GET 200 https://registry.npmjs.org/micromark-util-subtokenize 30ms (cache miss)
517 silly packumentCache full:https://registry.npmjs.org/micromark-util-subtokenize set size:undefined disposed:false
518 http fetch GET 200 https://registry.npmjs.org/micromark-util-encode 65ms (cache miss)
519 silly packumentCache full:https://registry.npmjs.org/micromark-util-encode set size:undefined disposed:false
520 http fetch GET 200 https://registry.npmjs.org/micromark-util-sanitize-uri 32ms (cache miss)
521 silly packumentCache full:https://registry.npmjs.org/micromark-util-sanitize-uri set size:undefined disposed:false
522 silly placeDep ROOT character-entities@2.0.2 OK for: decode-named-character-reference@1.3.0 want: ^2.0.0
523 silly placeDep ROOT ccount@2.0.1 OK for: mdast-util-mdx-jsx@3.2.0 want: ^2.0.0
524 silly placeDep ROOT parse-entities@4.0.2 OK for: mdast-util-mdx-jsx@3.2.0 want: ^4.0.0
525 silly placeDep ROOT stringify-entities@4.0.4 OK for: mdast-util-mdx-jsx@3.2.0 want: ^4.0.0
526 silly fetch manifest @types/unist@^2.0.0
527 silly packumentCache full:https://registry.npmjs.org/@types%2funist cache-hit
528 silly fetch manifest character-entities-legacy@^3.0.0
529 silly packumentCache full:https://registry.npmjs.org/character-entities-legacy cache-miss
530 silly fetch manifest character-reference-invalid@^2.0.0
531 silly packumentCache full:https://registry.npmjs.org/character-reference-invalid cache-miss
532 silly fetch manifest is-alphanumerical@^2.0.0
533 silly packumentCache full:https://registry.npmjs.org/is-alphanumerical cache-miss
534 silly fetch manifest is-decimal@^2.0.0
535 silly packumentCache full:https://registry.npmjs.org/is-decimal cache-miss
536 silly fetch manifest is-hexadecimal@^2.0.0
537 silly packumentCache full:https://registry.npmjs.org/is-hexadecimal cache-miss
538 silly fetch manifest character-entities-html4@^2.0.0
539 silly packumentCache full:https://registry.npmjs.org/character-entities-html4 cache-miss
540 silly fetch manifest character-entities-legacy@^3.0.0
541 silly packumentCache full:https://registry.npmjs.org/character-entities-legacy cache-miss
542 http fetch GET 200 https://registry.npmjs.org/is-hexadecimal 26ms (cache miss)
543 silly packumentCache full:https://registry.npmjs.org/is-hexadecimal set size:undefined disposed:false
544 http fetch GET 200 https://registry.npmjs.org/is-alphanumerical 28ms (cache miss)
545 silly packumentCache full:https://registry.npmjs.org/is-alphanumerical set size:undefined disposed:false
546 http fetch GET 200 https://registry.npmjs.org/is-decimal 32ms (cache miss)
547 silly packumentCache full:https://registry.npmjs.org/is-decimal set size:undefined disposed:false
548 http fetch GET 200 https://registry.npmjs.org/character-entities-html4 32ms (cache miss)
549 silly packumentCache full:https://registry.npmjs.org/character-entities-html4 set size:undefined disposed:false
550 http fetch GET 200 https://registry.npmjs.org/character-reference-invalid 37ms (cache miss)
551 silly packumentCache full:https://registry.npmjs.org/character-reference-invalid set size:undefined disposed:false
552 http fetch GET 200 https://registry.npmjs.org/character-entities-legacy 38ms (cache miss)
553 silly packumentCache full:https://registry.npmjs.org/character-entities-legacy set size:undefined disposed:false
554 http fetch GET 200 https://registry.npmjs.org/character-entities-legacy 37ms (cache miss)
555 silly packumentCache full:https://registry.npmjs.org/character-entities-legacy set size:undefined disposed:false
556 silly placeDep ROOT longest-streak@3.1.0 OK for: mdast-util-to-markdown@2.1.2 want: ^3.0.0
557 silly placeDep ROOT mdast-util-phrasing@4.1.0 OK for: mdast-util-to-markdown@2.1.2 want: ^4.0.0
558 silly placeDep ROOT micromark-util-classify-character@2.0.1 OK for: mdast-util-to-markdown@2.1.2 want: ^2.0.0
559 silly placeDep ROOT zwitch@2.0.4 OK for: mdast-util-to-markdown@2.1.2 want: ^2.0.0
560 silly placeDep ROOT unist-util-is@6.0.1 OK for: mdast-util-phrasing@4.1.0 want: ^6.0.0
561 silly placeDep ROOT @types/debug@4.1.12 OK for: micromark@4.0.2 want: ^4.0.0
562 silly placeDep ROOT micromark-core-commonmark@2.0.3 OK for: micromark@4.0.2 want: ^2.0.0
563 silly placeDep ROOT micromark-factory-space@2.0.1 OK for: micromark@4.0.2 want: ^2.0.0
564 silly placeDep ROOT micromark-util-character@2.1.1 OK for: micromark@4.0.2 want: ^2.0.0
565 silly placeDep ROOT micromark-util-chunked@2.0.1 OK for: micromark@4.0.2 want: ^2.0.0
566 silly placeDep ROOT micromark-util-combine-extensions@2.0.1 OK for: micromark@4.0.2 want: ^2.0.0
567 silly placeDep ROOT micromark-util-encode@2.0.1 OK for: micromark@4.0.2 want: ^2.0.0
568 silly placeDep ROOT micromark-util-resolve-all@2.0.1 OK for: micromark@4.0.2 want: ^2.0.0
569 silly placeDep ROOT micromark-util-sanitize-uri@2.0.1 OK for: micromark@4.0.2 want: ^2.0.0
570 silly placeDep ROOT micromark-util-subtokenize@2.1.0 OK for: micromark@4.0.2 want: ^2.0.0
571 silly fetch manifest @types/ms@*
572 silly packumentCache full:https://registry.npmjs.org/@types%2fms cache-miss
573 silly fetch manifest micromark-factory-destination@^2.0.0
574 silly packumentCache full:https://registry.npmjs.org/micromark-factory-destination cache-miss
575 silly fetch manifest micromark-factory-label@^2.0.0
576 silly packumentCache full:https://registry.npmjs.org/micromark-factory-label cache-miss
577 silly fetch manifest micromark-factory-title@^2.0.0
578 silly packumentCache full:https://registry.npmjs.org/micromark-factory-title cache-miss
579 silly fetch manifest micromark-factory-whitespace@^2.0.0
580 silly packumentCache full:https://registry.npmjs.org/micromark-factory-whitespace cache-miss
581 silly fetch manifest micromark-util-html-tag-name@^2.0.0
582 silly packumentCache full:https://registry.npmjs.org/micromark-util-html-tag-name cache-miss
583 http fetch GET 200 https://registry.npmjs.org/micromark-factory-title 28ms (cache miss)
584 silly packumentCache full:https://registry.npmjs.org/micromark-factory-title set size:undefined disposed:false
585 http fetch GET 200 https://registry.npmjs.org/micromark-factory-destination 29ms (cache miss)
586 silly packumentCache full:https://registry.npmjs.org/micromark-factory-destination set size:undefined disposed:false
587 http fetch GET 200 https://registry.npmjs.org/micromark-factory-label 35ms (cache miss)
588 silly packumentCache full:https://registry.npmjs.org/micromark-factory-label set size:undefined disposed:false
589 http fetch GET 200 https://registry.npmjs.org/micromark-util-html-tag-name 35ms (cache miss)
590 silly packumentCache full:https://registry.npmjs.org/micromark-util-html-tag-name set size:undefined disposed:false
591 http fetch GET 200 https://registry.npmjs.org/@types%2fms 37ms (cache miss)
592 silly packumentCache full:https://registry.npmjs.org/@types%2fms set size:undefined disposed:false
593 http fetch GET 200 https://registry.npmjs.org/micromark-factory-whitespace 47ms (cache miss)
594 silly packumentCache full:https://registry.npmjs.org/micromark-factory-whitespace set size:undefined disposed:false
595 silly placeDep ROOT @types/ms@2.1.0 OK for: @types/debug@4.1.12 want: *
596 silly placeDep ROOT micromark-factory-destination@2.0.1 OK for: micromark-core-commonmark@2.0.3 want: ^2.0.0
597 silly placeDep ROOT micromark-factory-label@2.0.1 OK for: micromark-core-commonmark@2.0.3 want: ^2.0.0
598 silly placeDep ROOT micromark-factory-title@2.0.1 OK for: micromark-core-commonmark@2.0.3 want: ^2.0.0
599 silly placeDep ROOT micromark-factory-whitespace@2.0.1 OK for: micromark-core-commonmark@2.0.3 want: ^2.0.0
600 silly placeDep ROOT micromark-util-html-tag-name@2.0.1 OK for: micromark-core-commonmark@2.0.3 want: ^2.0.0
601 silly placeDep node_modules/parse-entities @types/unist@2.0.11 OK for: parse-entities@4.0.2 want: ^2.0.0
602 silly placeDep ROOT character-entities-legacy@3.0.0 OK for: parse-entities@4.0.2 want: ^3.0.0
603 silly placeDep ROOT character-reference-invalid@2.0.1 OK for: parse-entities@4.0.2 want: ^2.0.0
604 silly placeDep ROOT is-alphanumerical@2.0.1 OK for: parse-entities@4.0.2 want: ^2.0.0
605 silly placeDep ROOT is-decimal@2.0.1 OK for: parse-entities@4.0.2 want: ^2.0.0
606 silly placeDep ROOT is-hexadecimal@2.0.1 OK for: parse-entities@4.0.2 want: ^2.0.0
607 silly fetch manifest is-alphabetical@^2.0.0
608 silly packumentCache full:https://registry.npmjs.org/is-alphabetical cache-miss
609 http fetch GET 200 https://registry.npmjs.org/is-alphabetical 29ms (cache miss)
610 silly packumentCache full:https://registry.npmjs.org/is-alphabetical set size:undefined disposed:false
611 silly placeDep ROOT is-alphabetical@2.0.1 OK for: is-alphanumerical@2.0.1 want: ^2.0.0
612 silly placeDep ROOT estree-util-build-jsx@3.0.1 OK for: recma-build-jsx@1.0.0 want: ^3.0.0
613 silly placeDep ROOT estree-util-to-js@2.0.0 OK for: recma-jsx@1.0.1 want: ^2.0.0
614 silly placeDep ROOT recma-parse@1.0.0 OK for: recma-jsx@1.0.1 want: ^1.0.0
615 silly fetch manifest astring@^1.8.0
616 silly packumentCache full:https://registry.npmjs.org/astring cache-miss
617 silly fetch manifest esast-util-from-js@^2.0.0
618 silly packumentCache full:https://registry.npmjs.org/esast-util-from-js cache-miss
619 http fetch GET 200 https://registry.npmjs.org/astring 32ms (cache miss)
620 silly packumentCache full:https://registry.npmjs.org/astring set size:undefined disposed:false
621 http fetch GET 200 https://registry.npmjs.org/esast-util-from-js 36ms (cache miss)
622 silly packumentCache full:https://registry.npmjs.org/esast-util-from-js set size:undefined disposed:false
623 silly placeDep ROOT astring@1.9.0 OK for: estree-util-to-js@2.0.0 want: ^1.8.0
624 silly placeDep ROOT esast-util-from-js@2.0.1 OK for: recma-parse@1.0.0 want: ^2.0.0
625 silly fetch manifest esast-util-from-estree@^2.0.0
626 silly packumentCache full:https://registry.npmjs.org/esast-util-from-estree cache-miss
627 http fetch GET 200 https://registry.npmjs.org/esast-util-from-estree 50ms (cache miss)
628 silly packumentCache full:https://registry.npmjs.org/esast-util-from-estree set size:undefined disposed:false
629 silly placeDep ROOT esast-util-from-estree@2.0.0 OK for: esast-util-from-js@2.0.1 want: ^2.0.0
630 silly fetch manifest estree-util-visit@^2.0.0
631 silly packumentCache full:https://registry.npmjs.org/estree-util-visit cache-miss
632 http fetch GET 200 https://registry.npmjs.org/estree-util-visit 32ms (cache miss)
633 silly packumentCache full:https://registry.npmjs.org/estree-util-visit set size:undefined disposed:false
634 silly placeDep ROOT estree-util-visit@2.0.0 OK for: esast-util-from-estree@2.0.0 want: ^2.0.0
635 silly placeDep ROOT hast-util-to-estree@3.1.3 OK for: rehype-recma@1.0.0 want: ^3.0.0
636 silly fetch manifest estree-util-attach-comments@^3.0.0
637 silly packumentCache full:https://registry.npmjs.org/estree-util-attach-comments cache-miss
638 http fetch GET 200 https://registry.npmjs.org/estree-util-attach-comments 24ms (cache miss)
639 silly packumentCache full:https://registry.npmjs.org/estree-util-attach-comments set size:undefined disposed:false
640 silly placeDep ROOT estree-util-attach-comments@3.0.0 OK for: hast-util-to-estree@3.1.3 want: ^3.0.0
641 silly placeDep ROOT mdast-util-mdx@3.0.0 OK for: remark-mdx@3.1.1 want: ^3.0.0
642 silly placeDep ROOT micromark-extension-mdxjs@3.0.0 OK for: remark-mdx@3.1.1 want: ^3.0.0
643 silly fetch manifest micromark-extension-mdx-expression@^3.0.0
644 silly packumentCache full:https://registry.npmjs.org/micromark-extension-mdx-expression cache-miss
645 silly fetch manifest micromark-extension-mdx-jsx@^3.0.0
646 silly packumentCache full:https://registry.npmjs.org/micromark-extension-mdx-jsx cache-miss
647 silly fetch manifest micromark-extension-mdx-md@^2.0.0
648 silly packumentCache full:https://registry.npmjs.org/micromark-extension-mdx-md cache-miss
649 silly fetch manifest micromark-extension-mdxjs-esm@^3.0.0
650 silly packumentCache full:https://registry.npmjs.org/micromark-extension-mdxjs-esm cache-miss
651 http fetch GET 200 https://registry.npmjs.org/micromark-extension-mdx-expression 27ms (cache miss)
652 silly packumentCache full:https://registry.npmjs.org/micromark-extension-mdx-expression set size:undefined disposed:false
653 http fetch GET 200 https://registry.npmjs.org/micromark-extension-mdxjs-esm 30ms (cache miss)
654 silly packumentCache full:https://registry.npmjs.org/micromark-extension-mdxjs-esm set size:undefined disposed:false
655 http fetch GET 200 https://registry.npmjs.org/micromark-extension-mdx-md 35ms (cache miss)
656 silly packumentCache full:https://registry.npmjs.org/micromark-extension-mdx-md set size:undefined disposed:false
657 http fetch GET 200 https://registry.npmjs.org/micromark-extension-mdx-jsx 49ms (cache miss)
658 silly packumentCache full:https://registry.npmjs.org/micromark-extension-mdx-jsx set size:undefined disposed:false
659 silly placeDep ROOT micromark-extension-mdx-expression@3.0.1 OK for: micromark-extension-mdxjs@3.0.0 want: ^3.0.0
660 silly placeDep ROOT micromark-extension-mdx-jsx@3.0.2 OK for: micromark-extension-mdxjs@3.0.0 want: ^3.0.0
661 silly placeDep ROOT micromark-extension-mdx-md@2.0.0 OK for: micromark-extension-mdxjs@3.0.0 want: ^2.0.0
662 silly placeDep ROOT micromark-extension-mdxjs-esm@3.0.0 OK for: micromark-extension-mdxjs@3.0.0 want: ^3.0.0
663 silly fetch manifest micromark-factory-mdx-expression@^2.0.0
664 silly packumentCache full:https://registry.npmjs.org/micromark-factory-mdx-expression cache-miss
665 silly fetch manifest micromark-util-events-to-acorn@^2.0.0
666 silly packumentCache full:https://registry.npmjs.org/micromark-util-events-to-acorn cache-miss
667 silly fetch manifest micromark-factory-mdx-expression@^2.0.0
668 silly packumentCache full:https://registry.npmjs.org/micromark-factory-mdx-expression cache-miss
669 silly fetch manifest micromark-util-events-to-acorn@^2.0.0
670 silly packumentCache full:https://registry.npmjs.org/micromark-util-events-to-acorn cache-miss
671 silly fetch manifest micromark-util-events-to-acorn@^2.0.0
672 silly packumentCache full:https://registry.npmjs.org/micromark-util-events-to-acorn cache-miss
673 http fetch GET 200 https://registry.npmjs.org/micromark-factory-mdx-expression 27ms (cache miss)
674 silly packumentCache full:https://registry.npmjs.org/micromark-factory-mdx-expression set size:undefined disposed:false
675 http fetch GET 200 https://registry.npmjs.org/micromark-util-events-to-acorn 28ms (cache miss)
676 silly packumentCache full:https://registry.npmjs.org/micromark-util-events-to-acorn set size:undefined disposed:false
677 http fetch GET 200 https://registry.npmjs.org/micromark-util-events-to-acorn 29ms (cache miss)
678 silly packumentCache full:https://registry.npmjs.org/micromark-util-events-to-acorn set size:undefined disposed:false
679 http fetch GET 200 https://registry.npmjs.org/micromark-util-events-to-acorn 29ms (cache miss)
680 silly packumentCache full:https://registry.npmjs.org/micromark-util-events-to-acorn set size:undefined disposed:false
681 http fetch GET 200 https://registry.npmjs.org/micromark-factory-mdx-expression 39ms (cache miss)
682 silly packumentCache full:https://registry.npmjs.org/micromark-factory-mdx-expression set size:undefined disposed:false
683 silly placeDep ROOT micromark-factory-mdx-expression@2.0.3 OK for: micromark-extension-mdx-expression@3.0.1 want: ^2.0.0
684 silly placeDep ROOT micromark-util-events-to-acorn@2.0.3 OK for: micromark-extension-mdx-expression@3.0.1 want: ^2.0.0
685 silly placeDep ROOT mdast-util-to-hast@13.2.1 OK for: remark-rehype@11.1.2 want: ^13.0.0
686 silly fetch manifest @ungap/structured-clone@^1.0.0
687 silly packumentCache full:https://registry.npmjs.org/@ungap%2fstructured-clone cache-miss
688 silly fetch manifest trim-lines@^3.0.0
689 silly packumentCache full:https://registry.npmjs.org/trim-lines cache-miss
690 http fetch GET 200 https://registry.npmjs.org/trim-lines 32ms (cache miss)
691 silly packumentCache full:https://registry.npmjs.org/trim-lines set size:undefined disposed:false
692 http fetch GET 200 https://registry.npmjs.org/@ungap%2fstructured-clone 34ms (cache miss)
693 silly packumentCache full:https://registry.npmjs.org/@ungap%2fstructured-clone set size:undefined disposed:false
694 silly placeDep ROOT @ungap/structured-clone@1.3.0 OK for: mdast-util-to-hast@13.2.1 want: ^1.0.0
695 silly placeDep ROOT trim-lines@3.0.1 OK for: mdast-util-to-hast@13.2.1 want: ^3.0.0
696 silly placeDep ROOT character-entities-html4@2.1.0 OK for: stringify-entities@4.0.4 want: ^2.0.0
697 silly placeDep ROOT style-to-object@1.0.14 OK for: style-to-js@1.1.21 want: 1.0.14
698 silly fetch manifest inline-style-parser@0.2.7
699 silly packumentCache full:https://registry.npmjs.org/inline-style-parser cache-miss
700 http fetch GET 200 https://registry.npmjs.org/inline-style-parser 54ms (cache miss)
701 silly packumentCache full:https://registry.npmjs.org/inline-style-parser set size:undefined disposed:false
702 silly placeDep ROOT inline-style-parser@0.2.7 OK for: style-to-object@1.0.14 want: 0.2.7
703 silly placeDep ROOT bail@2.0.2 OK for: unified@11.0.5 want: ^2.0.0
704 silly placeDep ROOT extend@3.0.2 OK for: unified@11.0.5 want: ^3.0.0
705 silly placeDep ROOT is-plain-obj@4.1.0 OK for: unified@11.0.5 want: ^4.0.0
706 silly placeDep ROOT trough@2.2.0 OK for: unified@11.0.5 want: ^2.0.0
707 silly placeDep ROOT unist-util-visit-parents@6.0.2 OK for: unist-util-remove@4.0.0 want: ^6.0.0
708 silly placeDep ROOT yaml@2.8.2 OK for: vfile-matter@5.0.1 want: ^2.0.0
709 silly reify moves {}
710 silly audit bulk request {
710 silly audit   '@alloc/quick-lru': [ '5.2.0' ],
710 silly audit   '@babel/code-frame': [ '7.29.0' ],
710 silly audit   '@babel/compat-data': [ '7.29.0' ],
710 silly audit   '@babel/core': [ '7.29.0' ],
710 silly audit   '@babel/generator': [ '7.29.1' ],
710 silly audit   '@babel/helper-compilation-targets': [ '7.28.6' ],
710 silly audit   '@babel/helper-globals': [ '7.28.0' ],
710 silly audit   '@babel/helper-module-imports': [ '7.28.6' ],
710 silly audit   '@babel/helper-module-transforms': [ '7.28.6' ],
710 silly audit   '@babel/helper-string-parser': [ '7.27.1' ],
710 silly audit   '@babel/helper-validator-identifier': [ '7.28.5' ],
710 silly audit   '@babel/helper-validator-option': [ '7.27.1' ],
710 silly audit   '@babel/helpers': [ '7.28.6' ],
710 silly audit   '@babel/parser': [ '7.29.0' ],
710 silly audit   '@babel/template': [ '7.28.6' ],
710 silly audit   '@babel/traverse': [ '7.29.0' ],
710 silly audit   '@babel/types': [ '7.29.0' ],
710 silly audit   '@emnapi/core': [ '1.8.1' ],
710 silly audit   '@emnapi/runtime': [ '1.8.1' ],
710 silly audit   '@emnapi/wasi-threads': [ '1.1.0' ],
710 silly audit   '@eslint-community/eslint-utils': [ '4.9.1' ],
710 silly audit   'eslint-visitor-keys': [ '3.4.3', '5.0.1', '4.2.1' ],
710 silly audit   '@eslint-community/regexpp': [ '4.12.2' ],
710 silly audit   '@eslint/config-array': [ '0.21.2' ],
710 silly audit   '@eslint/config-helpers': [ '0.4.2' ],
710 silly audit   '@eslint/core': [ '0.17.0' ],
710 silly audit   '@eslint/eslintrc': [ '3.3.5' ],
710 silly audit   '@eslint/js': [ '9.39.4' ],
710 silly audit   '@eslint/object-schema': [ '2.1.7' ],
710 silly audit   '@eslint/plugin-kit': [ '0.4.1' ],
710 silly audit   '@humanfs/core': [ '0.19.1' ],
710 silly audit   '@humanfs/node': [ '0.16.7' ],
710 silly audit   '@humanwhocodes/module-importer': [ '1.0.1' ],
710 silly audit   '@humanwhocodes/retry': [ '0.4.3' ],
710 silly audit   '@img/colour': [ '1.1.0' ],
710 silly audit   '@img/sharp-darwin-arm64': [ '0.34.5' ],
710 silly audit   '@img/sharp-darwin-x64': [ '0.34.5' ],
710 silly audit   '@img/sharp-libvips-darwin-arm64': [ '1.2.4' ],
710 silly audit   '@img/sharp-libvips-darwin-x64': [ '1.2.4' ],
710 silly audit   '@img/sharp-libvips-linux-arm': [ '1.2.4' ],
710 silly audit   '@img/sharp-libvips-linux-arm64': [ '1.2.4' ],
710 silly audit   '@img/sharp-libvips-linux-ppc64': [ '1.2.4' ],
710 silly audit   '@img/sharp-libvips-linux-riscv64': [ '1.2.4' ],
710 silly audit   '@img/sharp-libvips-linux-s390x': [ '1.2.4' ],
710 silly audit   '@img/sharp-libvips-linux-x64': [ '1.2.4' ],
710 silly audit   '@img/sharp-libvips-linuxmusl-arm64': [ '1.2.4' ],
710 silly audit   '@img/sharp-libvips-linuxmusl-x64': [ '1.2.4' ],
710 silly audit   '@img/sharp-linux-arm': [ '0.34.5' ],
710 silly audit   '@img/sharp-linux-arm64': [ '0.34.5' ],
710 silly audit   '@img/sharp-linux-ppc64': [ '0.34.5' ],
710 silly audit   '@img/sharp-linux-riscv64': [ '0.34.5' ],
710 silly audit   '@img/sharp-linux-s390x': [ '0.34.5' ],
710 silly audit   '@img/sharp-linux-x64': [ '0.34.5' ],
710 silly audit   '@img/sharp-linuxmusl-arm64': [ '0.34.5' ],
710 silly audit   '@img/sharp-linuxmusl-x64': [ '0.34.5' ],
710 silly audit   '@img/sharp-wasm32': [ '0.34.5' ],
710 silly audit   '@img/sharp-win32-arm64': [ '0.34.5' ],
710 silly audit   '@img/sharp-win32-ia32': [ '0.34.5' ],
710 silly audit   '@img/sharp-win32-x64': [ '0.34.5' ],
710 silly audit   '@jridgewell/gen-mapping': [ '0.3.13' ],
710 silly audit   '@jridgewell/remapping': [ '2.3.5' ],
710 silly audit   '@jridgewell/resolve-uri': [ '3.1.2' ],
710 silly audit   '@jridgewell/sourcemap-codec': [ '1.5.5' ],
710 silly audit   '@jridgewell/trace-mapping': [ '0.3.31' ],
710 silly audit   '@napi-rs/wasm-runtime': [ '0.2.12' ],
710 silly audit   '@next/env': [ '16.1.6' ],
710 silly audit   '@next/eslint-plugin-next': [ '16.1.6' ],
710 silly audit   '@next/swc-darwin-arm64': [ '16.1.6' ],
710 silly audit   '@next/swc-darwin-x64': [ '16.1.6' ],
710 silly audit   '@next/swc-linux-arm64-gnu': [ '16.1.6' ],
710 silly audit   '@next/swc-linux-arm64-musl': [ '16.1.6' ],
710 silly audit   '@next/swc-linux-x64-gnu': [ '16.1.6' ],
710 silly audit   '@next/swc-linux-x64-musl': [ '16.1.6' ],
710 silly audit   '@next/swc-win32-arm64-msvc': [ '16.1.6' ],
710 silly audit   '@next/swc-win32-x64-msvc': [ '16.1.6' ],
710 silly audit   '@nodelib/fs.scandir': [ '2.1.5' ],
710 silly audit   '@nodelib/fs.stat': [ '2.0.5' ],
710 silly audit   '@nodelib/fs.walk': [ '1.2.8' ],
710 silly audit   '@nolyfill/is-core-module': [ '1.0.39' ],
710 silly audit   '@rtsao/scc': [ '1.1.0' ],
710 silly audit   '@swc/helpers': [ '0.5.15' ],
710 silly audit   '@tailwindcss/node': [ '4.2.1' ],
710 silly audit   '@tailwindcss/oxide': [ '4.2.1' ],
710 silly audit   '@tailwindcss/oxide-android-arm64': [ '4.2.1' ],
710 silly audit   '@tailwindcss/oxide-darwin-arm64': [ '4.2.1' ],
710 silly audit   '@tailwindcss/oxide-darwin-x64': [ '4.2.1' ],
710 silly audit   '@tailwindcss/oxide-freebsd-x64': [ '4.2.1' ],
710 silly audit   '@tailwindcss/oxide-linux-arm-gnueabihf': [ '4.2.1' ],
710 silly audit   '@tailwindcss/oxide-linux-arm64-gnu': [ '4.2.1' ],
710 silly audit   '@tailwindcss/oxide-linux-arm64-musl': [ '4.2.1' ],
710 silly audit   '@tailwindcss/oxide-linux-x64-gnu': [ '4.2.1' ],
710 silly audit   '@tailwindcss/oxide-linux-x64-musl': [ '4.2.1' ],
710 silly audit   '@tailwindcss/oxide-wasm32-wasi': [ '4.2.1' ],
710 silly audit   '@tailwindcss/oxide-win32-arm64-msvc': [ '4.2.1' ],
710 silly audit   '@tailwindcss/oxide-win32-x64-msvc': [ '4.2.1' ],
710 silly audit   '@tailwindcss/postcss': [ '4.2.1' ],
710 silly audit   '@tybys/wasm-util': [ '0.10.1' ],
710 silly audit   '@types/estree': [ '1.0.8' ],
710 silly audit   '@types/json-schema': [ '7.0.15' ],
710 silly audit   '@types/json5': [ '0.0.29' ],
710 silly audit   '@types/node': [ '20.19.37' ],
710 silly audit   '@types/react': [ '19.2.14' ],
710 silly audit   '@types/react-dom': [ '19.2.3' ],
710 silly audit   '@typescript-eslint/eslint-plugin': [ '8.57.0' ],
710 silly audit   ignore: [ '7.0.5', '5.3.2' ],
710 silly audit   '@typescript-eslint/parser': [ '8.57.0' ],
710 silly audit   '@typescript-eslint/project-service': [ '8.57.0' ],
710 silly audit   '@typescript-eslint/scope-manager': [ '8.57.0' ],
710 silly audit   '@typescript-eslint/tsconfig-utils': [ '8.57.0' ],
710 silly audit   '@typescript-eslint/type-utils': [ '8.57.0' ],
710 silly audit   '@typescript-eslint/types': [ '8.57.0' ],
710 silly audit   '@typescript-eslint/typescript-estree': [ '8.57.0' ],
710 silly audit   'balanced-match': [ '4.0.4', '1.0.2' ],
710 silly audit   'brace-expansion': [ '5.0.4', '1.1.12' ],
710 silly audit   minimatch: [ '10.2.4', '3.1.5' ],
710 silly audit   semver: [ '7.7.4', '6.3.1' ],
710 silly audit   '@typescript-eslint/utils': [ '8.57.0' ],
710 silly audit   '@typescript-eslint/visitor-keys': [ '8.57.0' ],
710 silly audit   '@unrs/resolver-binding-android-arm-eabi': [ '1.11.1' ],
710 silly audit   '@unrs/resolver-binding-android-arm64': [ '1.11.1' ],
710 silly audit   '@unrs/resolver-binding-darwin-arm64': [ '1.11.1' ],
710 silly audit   '@unrs/resolver-binding-darwin-x64': [ '1.11.1' ],
710 silly audit   '@unrs/resolver-binding-freebsd-x64': [ '1.11.1' ],
710 silly audit   '@unrs/resolver-binding-linux-arm-gnueabihf': [ '1.11.1' ],
710 silly audit   '@unrs/resolver-binding-linux-arm-musleabihf': [ '1.11.1' ],
710 silly audit   '@unrs/resolver-binding-linux-arm64-gnu': [ '1.11.1' ],
710 silly audit   '@unrs/resolver-binding-linux-arm64-musl': [ '1.11.1' ],
710 silly audit   '@unrs/resolver-binding-linux-ppc64-gnu': [ '1.11.1' ],
710 silly audit   '@unrs/resolver-binding-linux-riscv64-gnu': [ '1.11.1' ],
710 silly audit   '@unrs/resolver-binding-linux-riscv64-musl': [ '1.11.1' ],
710 silly audit   '@unrs/resolver-binding-linux-s390x-gnu': [ '1.11.1' ],
710 silly audit   '@unrs/resolver-binding-linux-x64-gnu': [ '1.11.1' ],
710 silly audit   '@unrs/resolver-binding-linux-x64-musl': [ '1.11.1' ],
710 silly audit   '@unrs/resolver-binding-wasm32-wasi': [ '1.11.1' ],
710 silly audit   '@unrs/resolver-binding-win32-arm64-msvc': [ '1.11.1' ],
710 silly audit   '@unrs/resolver-binding-win32-ia32-msvc': [ '1.11.1' ],
710 silly audit   '@unrs/resolver-binding-win32-x64-msvc': [ '1.11.1' ],
710 silly audit   acorn: [ '8.16.0' ],
710 silly audit   'acorn-jsx': [ '5.3.2' ],
710 silly audit   ajv: [ '6.14.0' ],
710 silly audit   'ansi-styles': [ '4.3.0' ],
710 silly audit   argparse: [ '2.0.1' ],
710 silly audit   'aria-query': [ '5.3.2' ],
710 silly audit   'array-buffer-byte-length': [ '1.0.2' ],
710 silly audit   'array-includes': [ '3.1.9' ],
710 silly audit   'array.prototype.findlast': [ '1.2.5' ],
710 silly audit   'array.prototype.findlastindex': [ '1.2.6' ],
710 silly audit   'array.prototype.flat': [ '1.3.3' ],
710 silly audit   'array.prototype.flatmap': [ '1.3.3' ],
710 silly audit   'array.prototype.tosorted': [ '1.1.4' ],
710 silly audit   'arraybuffer.prototype.slice': [ '1.0.4' ],
710 silly audit   'ast-types-flow': [ '0.0.8' ],
710 silly audit   'async-function': [ '1.0.0' ],
710 silly audit   'available-typed-arrays': [ '1.0.7' ],
710 silly audit   'axe-core': [ '4.11.1' ],
710 silly audit   'axobject-query': [ '4.1.0' ],
710 silly audit   'baseline-browser-mapping': [ '2.10.0' ],
710 silly audit   braces: [ '3.0.3' ],
710 silly audit   browserslist: [ '4.28.1' ],
710 silly audit   'call-bind': [ '1.0.8' ],
710 silly audit   'call-bind-apply-helpers': [ '1.0.2' ],
710 silly audit   'call-bound': [ '1.0.4' ],
710 silly audit   callsites: [ '3.1.0' ],
710 silly audit   'caniuse-lite': [ '1.0.30001777' ],
710 silly audit   chalk: [ '4.1.2' ],
710 silly audit   'client-only': [ '0.0.1' ],
710 silly audit   'color-convert': [ '2.0.1' ],
710 silly audit   'color-name': [ '1.1.4' ],
710 silly audit   'concat-map': [ '0.0.1' ],
710 silly audit   'convert-source-map': [ '2.0.0' ],
710 silly audit   'cross-spawn': [ '7.0.6' ],
710 silly audit   csstype: [ '3.2.3' ],
710 silly audit   'damerau-levenshtein': [ '1.0.8' ],
710 silly audit   'data-view-buffer': [ '1.0.2' ],
710 silly audit   'data-view-byte-length': [ '1.0.2' ],
710 silly audit   'data-view-byte-offset': [ '1.0.1' ],
710 silly audit   debug: [ '4.4.3', '3.2.7' ],
710 silly audit   'deep-is': [ '0.1.4' ],
710 silly audit   'define-data-property': [ '1.1.4' ],
710 silly audit   'define-properties': [ '1.2.1' ],
710 silly audit   'detect-libc': [ '2.1.2' ],
710 silly audit   doctrine: [ '2.1.0' ],
710 silly audit   'dunder-proto': [ '1.0.1' ],
710 silly audit   'electron-to-chromium': [ '1.5.307' ],
710 silly audit   'emoji-regex': [ '9.2.2' ],
710 silly audit   'enhanced-resolve': [ '5.20.0' ],
710 silly audit   'es-abstract': [ '1.24.1' ],
710 silly audit   'es-define-property': [ '1.0.1' ],
710 silly audit   'es-errors': [ '1.3.0' ],
710 silly audit   'es-iterator-helpers': [ '1.2.2' ],
710 silly audit   'es-object-atoms': [ '1.1.1' ],
710 silly audit   'es-set-tostringtag': [ '2.1.0' ],
710 silly audit   'es-shim-unscopables': [ '1.1.0' ],
710 silly audit   'es-to-primitive': [ '1.3.0' ],
710 silly audit   escalade: [ '3.2.0' ],
710 silly audit   'escape-string-regexp': [ '4.0.0' ],
710 silly audit   eslint: [ '9.39.4' ],
710 silly audit   'eslint-config-next': [ '16.1.6' ],
710 silly audit   globals: [ '16.4.0', '14.0.0' ],
710 silly audit   'eslint-import-resolver-node': [ '0.3.9' ],
710 silly audit   'eslint-import-resolver-typescript': [ '3.10.1' ],
710 silly audit   'eslint-module-utils': [ '2.12.1' ],
710 silly audit   'eslint-plugin-import': [ '2.32.0' ],
710 silly audit   'eslint-plugin-jsx-a11y': [ '6.10.2' ],
710 silly audit   'eslint-plugin-react': [ '7.37.5' ],
710 silly audit   'eslint-plugin-react-hooks': [ '7.0.1' ],
710 silly audit   resolve: [ '2.0.0-next.6', '1.22.11' ],
710 silly audit   'eslint-scope': [ '8.4.0' ],
710 silly audit   espree: [ '10.4.0' ],
710 silly audit   esquery: [ '1.7.0' ],
710 silly audit   esrecurse: [ '4.3.0' ],
710 silly audit   estraverse: [ '5.3.0' ],
710 silly audit   esutils: [ '2.0.3' ],
710 silly audit   'fast-deep-equal': [ '3.1.3' ],
710 silly audit   'fast-glob': [ '3.3.1' ],
710 silly audit   'glob-parent': [ '5.1.2', '6.0.2' ],
710 silly audit   'fast-json-stable-stringify': [ '2.1.0' ],
710 silly audit   'fast-levenshtein': [ '2.0.6' ],
710 silly audit   fastq: [ '1.20.1' ],
710 silly audit   'file-entry-cache': [ '8.0.0' ],
710 silly audit   'fill-range': [ '7.1.1' ],
710 silly audit   'find-up': [ '5.0.0' ],
710 silly audit   'flat-cache': [ '4.0.1' ],
710 silly audit   flatted: [ '3.4.1' ],
710 silly audit   'for-each': [ '0.3.5' ],
710 silly audit   'function-bind': [ '1.1.2' ],
710 silly audit   'function.prototype.name': [ '1.1.8' ],
710 silly audit   'functions-have-names': [ '1.2.3' ],
710 silly audit   'generator-function': [ '2.0.1' ],
710 silly audit   gensync: [ '1.0.0-beta.2' ],
710 silly audit   'get-intrinsic': [ '1.3.0' ],
710 silly audit   'get-proto': [ '1.0.1' ],
710 silly audit   'get-symbol-description': [ '1.1.0' ],
710 silly audit   'get-tsconfig': [ '4.13.6' ],
710 silly audit   globalthis: [ '1.0.4' ],
710 silly audit   gopd: [ '1.2.0' ],
710 silly audit   'graceful-fs': [ '4.2.11' ],
710 silly audit   'has-bigints': [ '1.1.0' ],
710 silly audit   'has-flag': [ '4.0.0' ],
710 silly audit   'has-property-descriptors': [ '1.0.2' ],
710 silly audit   'has-proto': [ '1.2.0' ],
710 silly audit   'has-symbols': [ '1.1.0' ],
710 silly audit   'has-tostringtag': [ '1.0.2' ],
710 silly audit   hasown: [ '2.0.2' ],
710 silly audit   'hermes-estree': [ '0.25.1' ],
710 silly audit   'hermes-parser': [ '0.25.1' ],
710 silly audit   'import-fresh': [ '3.3.1' ],
710 silly audit   imurmurhash: [ '0.1.4' ],
710 silly audit   'internal-slot': [ '1.1.0' ],
710 silly audit   'is-array-buffer': [ '3.0.5' ],
710 silly audit   'is-async-function': [ '2.1.1' ],
710 silly audit   'is-bigint': [ '1.1.0' ],
710 silly audit   'is-boolean-object': [ '1.2.2' ],
710 silly audit   'is-bun-module': [ '2.0.0' ],
710 silly audit   'is-callable': [ '1.2.7' ],
710 silly audit   'is-core-module': [ '2.16.1' ],
710 silly audit   'is-data-view': [ '1.0.2' ],
710 silly audit   'is-date-object': [ '1.1.0' ],
710 silly audit   'is-extglob': [ '2.1.1' ],
710 silly audit   'is-finalizationregistry': [ '1.1.1' ],
710 silly audit   'is-generator-function': [ '1.1.2' ],
710 silly audit   'is-glob': [ '4.0.3' ],
710 silly audit   'is-map': [ '2.0.3' ],
710 silly audit   'is-negative-zero': [ '2.0.3' ],
710 silly audit   'is-number': [ '7.0.0' ],
710 silly audit   'is-number-object': [ '1.1.1' ],
710 silly audit   'is-regex': [ '1.2.1' ],
710 silly audit   'is-set': [ '2.0.3' ],
710 silly audit   'is-shared-array-buffer': [ '1.0.4' ],
710 silly audit   'is-string': [ '1.1.1' ],
710 silly audit   'is-symbol': [ '1.1.1' ],
710 silly audit   'is-typed-array': [ '1.1.15' ],
710 silly audit   'is-weakmap': [ '2.0.2' ],
710 silly audit   'is-weakref': [ '1.1.1' ],
710 silly audit   'is-weakset': [ '2.0.4' ],
710 silly audit   isarray: [ '2.0.5' ],
710 silly audit   isexe: [ '2.0.0' ],
710 silly audit   'iterator.prototype': [ '1.1.5' ],
710 silly audit   jiti: [ '2.6.1' ],
710 silly audit   'js-tokens': [ '4.0.0' ],
710 silly audit   'js-yaml': [ '4.1.1' ],
710 silly audit   jsesc: [ '3.1.0' ],
710 silly audit   'json-buffer': [ '3.0.1' ],
710 silly audit   'json-schema-traverse': [ '0.4.1' ],
710 silly audit   'json-stable-stringify-without-jsonify': [ '1.0.1' ],
710 silly audit   json5: [ '2.2.3', '1.0.2' ],
710 silly audit   'jsx-ast-utils': [ '3.3.5' ],
710 silly audit   keyv: [ '4.5.4' ],
710 silly audit   'language-subtag-registry': [ '0.3.23' ],
710 silly audit   'language-tags': [ '1.0.9' ],
710 silly audit   levn: [ '0.4.1' ],
710 silly audit   lightningcss: [ '1.31.1' ],
710 silly audit   'lightningcss-android-arm64': [ '1.31.1' ],
710 silly audit   'lightningcss-darwin-arm64': [ '1.31.1' ],
710 silly audit   'lightningcss-darwin-x64': [ '1.31.1' ],
710 silly audit   'lightningcss-freebsd-x64': [ '1.31.1' ],
710 silly audit   'lightningcss-linux-arm-gnueabihf': [ '1.31.1' ],
710 silly audit   'lightningcss-linux-arm64-gnu': [ '1.31.1' ],
710 silly audit   'lightningcss-linux-arm64-musl': [ '1.31.1' ],
710 silly audit   'lightningcss-linux-x64-gnu': [ '1.31.1' ],
710 silly audit   'lightningcss-linux-x64-musl': [ '1.31.1' ],
710 silly audit   'lightningcss-win32-arm64-msvc': [ '1.31.1' ],
710 silly audit   'lightningcss-win32-x64-msvc': [ '1.31.1' ],
710 silly audit   'locate-path': [ '6.0.0' ],
710 silly audit   'lodash.merge': [ '4.6.2' ],
710 silly audit   'loose-envify': [ '1.4.0' ],
710 silly audit   'lru-cache': [ '5.1.1' ],
710 silly audit   'magic-string': [ '0.30.21' ],
710 silly audit   'math-intrinsics': [ '1.1.0' ],
710 silly audit   merge2: [ '1.4.1' ],
710 silly audit   micromatch: [ '4.0.8' ],
710 silly audit   minimist: [ '1.2.8' ],
710 silly audit   ms: [ '2.1.3' ],
710 silly audit   nanoid: [ '3.3.11' ],
710 silly audit   'napi-postinstall': [ '0.3.4' ],
710 silly audit   'natural-compare': [ '1.4.0' ],
710 silly audit   next: [ '16.1.6' ],
710 silly audit   postcss: [ '8.4.31', '8.5.8' ],
710 silly audit   'node-exports-info': [ '1.6.0' ],
710 silly audit   'node-releases': [ '2.0.36' ],
710 silly audit   'object-assign': [ '4.1.1' ],
710 silly audit   'object-inspect': [ '1.13.4' ],
710 silly audit   'object-keys': [ '1.1.1' ],
710 silly audit   'object.assign': [ '4.1.7' ],
710 silly audit   'object.entries': [ '1.1.9' ],
710 silly audit   'object.fromentries': [ '2.0.8' ],
710 silly audit   'object.groupby': [ '1.0.3' ],
710 silly audit   'object.values': [ '1.2.1' ],
710 silly audit   optionator: [ '0.9.4' ],
710 silly audit   'own-keys': [ '1.0.1' ],
710 silly audit   'p-limit': [ '3.1.0' ],
710 silly audit   'p-locate': [ '5.0.0' ],
710 silly audit   'parent-module': [ '1.0.1' ],
710 silly audit   'path-exists': [ '4.0.0' ],
710 silly audit   'path-key': [ '3.1.1' ],
710 silly audit   'path-parse': [ '1.0.7' ],
710 silly audit   picocolors: [ '1.1.1' ],
710 silly audit   picomatch: [ '2.3.1', '4.0.3' ],
710 silly audit   'possible-typed-array-names': [ '1.1.0' ],
710 silly audit   'prelude-ls': [ '1.2.1' ],
710 silly audit   'prop-types': [ '15.8.1' ],
710 silly audit   punycode: [ '2.3.1' ],
710 silly audit   'queue-microtask': [ '1.2.3' ],
710 silly audit   react: [ '19.2.3' ],
710 silly audit   'react-dom': [ '19.2.3' ],
710 silly audit   'react-is': [ '16.13.1' ],
710 silly audit   'reflect.getprototypeof': [ '1.0.10' ],
710 silly audit   'regexp.prototype.flags': [ '1.5.4' ],
710 silly audit   'resolve-from': [ '4.0.0' ],
710 silly audit   'resolve-pkg-maps': [ '1.0.0' ],
710 silly audit   reusify: [ '1.1.0' ],
710 silly audit   'run-parallel': [ '1.2.0' ],
710 silly audit   'safe-array-concat': [ '1.1.3' ],
710 silly audit   'safe-push-apply': [ '1.0.0' ],
710 silly audit   'safe-regex-test': [ '1.1.0' ],
710 silly audit   scheduler: [ '0.27.0' ],
710 silly audit   'set-function-length': [ '1.2.2' ],
710 silly audit   'set-function-name': [ '2.0.2' ],
710 silly audit   'set-proto': [ '1.0.0' ],
710 silly audit   sharp: [ '0.34.5' ],
710 silly audit   'shebang-command': [ '2.0.0' ],
710 silly audit   'shebang-regex': [ '3.0.0' ],
710 silly audit   'side-channel': [ '1.1.0' ],
710 silly audit   'side-channel-list': [ '1.0.0' ],
710 silly audit   'side-channel-map': [ '1.0.1' ],
710 silly audit   'side-channel-weakmap': [ '1.0.2' ],
710 silly audit   'source-map-js': [ '1.2.1' ],
710 silly audit   'stable-hash': [ '0.0.5' ],
710 silly audit   'stop-iteration-iterator': [ '1.1.0' ],
710 silly audit   'string.prototype.includes': [ '2.0.1' ],
710 silly audit   'string.prototype.matchall': [ '4.0.12' ],
710 silly audit   'string.prototype.repeat': [ '1.0.0' ],
710 silly audit   'string.prototype.trim': [ '1.2.10' ],
710 silly audit   'string.prototype.trimend': [ '1.0.9' ],
710 silly audit   'string.prototype.trimstart': [ '1.0.8' ],
710 silly audit   'strip-bom': [ '3.0.0' ],
710 silly audit   'strip-json-comments': [ '3.1.1' ],
710 silly audit   'styled-jsx': [ '5.1.6' ],
710 silly audit   'supports-color': [ '7.2.0' ],
710 silly audit   'supports-preserve-symlinks-flag': [ '1.0.0' ],
710 silly audit   tailwindcss: [ '4.2.1' ],
710 silly audit   tapable: [ '2.3.0' ],
710 silly audit   tinyglobby: [ '0.2.15' ],
710 silly audit   fdir: [ '6.5.0' ],
710 silly audit   'to-regex-range': [ '5.0.1' ],
710 silly audit   'ts-api-utils': [ '2.4.0' ],
710 silly audit   'tsconfig-paths': [ '3.15.0' ],
710 silly audit   tslib: [ '2.8.1' ],
710 silly audit   'type-check': [ '0.4.0' ],
710 silly audit   'typed-array-buffer': [ '1.0.3' ],
710 silly audit   'typed-array-byte-length': [ '1.0.3' ],
710 silly audit   'typed-array-byte-offset': [ '1.0.4' ],
710 silly audit   'typed-array-length': [ '1.0.7' ],
710 silly audit   typescript: [ '5.9.3' ],
710 silly audit   'typescript-eslint': [ '8.57.0' ],
710 silly audit   'unbox-primitive': [ '1.1.0' ],
710 silly audit   'undici-types': [ '6.21.0' ],
710 silly audit   'unrs-resolver': [ '1.11.1' ],
710 silly audit   'update-browserslist-db': [ '1.2.3' ],
710 silly audit   'uri-js': [ '4.4.1' ],
710 silly audit   which: [ '2.0.2' ],
710 silly audit   'which-boxed-primitive': [ '1.1.1' ],
710 silly audit   'which-builtin-type': [ '1.2.1' ],
710 silly audit   'which-collection': [ '1.0.2' ],
710 silly audit   'which-typed-array': [ '1.1.20' ],
710 silly audit   'word-wrap': [ '1.2.5' ],
710 silly audit   yallist: [ '3.1.1' ],
710 silly audit   'yocto-queue': [ '0.1.0' ],
710 silly audit   zod: [ '4.3.6' ],
710 silly audit   'zod-validation-error': [ '4.0.2' ],
710 silly audit   '@web3forms/react': [ '1.1.3' ],
710 silly audit   clsx: [ '2.1.1' ],
710 silly audit   'framer-motion': [ '12.35.2' ],
710 silly audit   'fuse.js': [ '7.1.0' ],
710 silly audit   'lucide-react': [ '0.577.0' ],
710 silly audit   'next-mdx-remote': [ '6.0.0' ],
710 silly audit   'tailwind-merge': [ '3.5.0' ],
710 silly audit   'motion-dom': [ '12.35.2' ],
710 silly audit   'motion-utils': [ '12.29.2' ],
710 silly audit   '@mdx-js/mdx': [ '3.1.1' ],
710 silly audit   '@mdx-js/react': [ '3.1.1' ],
710 silly audit   'unist-util-remove': [ '4.0.0' ],
710 silly audit   'unist-util-visit': [ '5.1.0' ],
710 silly audit   vfile: [ '6.0.3' ],
710 silly audit   'vfile-matter': [ '5.0.1' ],
710 silly audit   '@types/estree-jsx': [ '1.0.5' ],
710 silly audit   '@types/hast': [ '3.0.4' ],
710 silly audit   '@types/mdx': [ '2.0.13' ],
710 silly audit   'collapse-white-space': [ '2.1.0' ],
710 silly audit   devlop: [ '1.1.0' ],
710 silly audit   'estree-util-is-identifier-name': [ '3.0.0' ],
710 silly audit   'estree-util-scope': [ '1.0.0' ],
710 silly audit   'estree-walker': [ '3.0.3' ],
710 silly audit   'hast-util-to-jsx-runtime': [ '2.3.6' ],
710 silly audit   'markdown-extensions': [ '2.0.0' ],
710 silly audit   'recma-build-jsx': [ '1.0.0' ],
710 silly audit   'recma-jsx': [ '1.0.1' ],
710 silly audit   'recma-stringify': [ '1.0.0' ],
710 silly audit   'rehype-recma': [ '1.0.0' ],
710 silly audit   'remark-mdx': [ '3.1.1' ],
710 silly audit   'remark-parse': [ '11.0.0' ],
710 silly audit   'remark-rehype': [ '11.1.2' ],
710 silly audit   'source-map': [ '0.7.6' ],
710 silly audit   unified: [ '11.0.5' ],
710 silly audit   'unist-util-position-from-estree': [ '2.0.0' ],
710 silly audit   'unist-util-stringify-position': [ '4.0.0' ],
710 silly audit   '@types/unist': [ '3.0.3', '2.0.11' ],
710 silly audit   dequal: [ '2.0.3' ],
710 silly audit   'comma-separated-tokens': [ '2.0.3' ],
710 silly audit   'hast-util-whitespace': [ '3.0.0' ],
710 silly audit   'mdast-util-mdx-expression': [ '2.0.1' ],
710 silly audit   'mdast-util-mdx-jsx': [ '3.2.0' ],
710 silly audit   'mdast-util-mdxjs-esm': [ '2.0.1' ],
710 silly audit   'property-information': [ '7.1.0' ],
710 silly audit   'space-separated-tokens': [ '2.0.2' ],
710 silly audit   'style-to-js': [ '1.1.21' ],
710 silly audit   'unist-util-position': [ '5.0.0' ],
710 silly audit   'vfile-message': [ '4.0.3' ],
710 silly audit   '@types/mdast': [ '4.0.4' ],
710 silly audit   'mdast-util-from-markdown': [ '2.0.3' ],
710 silly audit   'mdast-util-to-markdown': [ '2.1.2' ],
710 silly audit   'decode-named-character-reference': [ '1.3.0' ],
710 silly audit   'mdast-util-to-string': [ '4.0.0' ],
710 silly audit   micromark: [ '4.0.2' ],
710 silly audit   'micromark-util-decode-numeric-character-reference': [ '2.0.2' ],
710 silly audit   'micromark-util-decode-string': [ '2.0.1' ],
710 silly audit   'micromark-util-normalize-identifier': [ '2.0.1' ],
710 silly audit   'micromark-util-symbol': [ '2.0.1' ],
710 silly audit   'micromark-util-types': [ '2.0.2' ],
710 silly audit   'character-entities': [ '2.0.2' ],
710 silly audit   ccount: [ '2.0.1' ],
710 silly audit   'parse-entities': [ '4.0.2' ],
710 silly audit   'stringify-entities': [ '4.0.4' ],
710 silly audit   'longest-streak': [ '3.1.0' ],
710 silly audit   'mdast-util-phrasing': [ '4.1.0' ],
710 silly audit   'micromark-util-classify-character': [ '2.0.1' ],
710 silly audit   zwitch: [ '2.0.4' ],
710 silly audit   'unist-util-is': [ '6.0.1' ],
710 silly audit   '@types/debug': [ '4.1.12' ],
710 silly audit   'micromark-core-commonmark': [ '2.0.3' ],
710 silly audit   'micromark-factory-space': [ '2.0.1' ],
710 silly audit   'micromark-util-character': [ '2.1.1' ],
710 silly audit   'micromark-util-chunked': [ '2.0.1' ],
710 silly audit   'micromark-util-combine-extensions': [ '2.0.1' ],
710 silly audit   'micromark-util-encode': [ '2.0.1' ],
710 silly audit   'micromark-util-resolve-all': [ '2.0.1' ],
710 silly audit   'micromark-util-sanitize-uri': [ '2.0.1' ],
710 silly audit   'micromark-util-subtokenize': [ '2.1.0' ],
710 silly audit   '@types/ms': [ '2.1.0' ],
710 silly audit   'micromark-factory-destination': [ '2.0.1' ],
710 silly audit   'micromark-factory-label': [ '2.0.1' ],
710 silly audit   'micromark-factory-title': [ '2.0.1' ],
710 silly audit   'micromark-factory-whitespace': [ '2.0.1' ],
710 silly audit   'micromark-util-html-tag-name': [ '2.0.1' ],
710 silly audit   'character-entities-legacy': [ '3.0.0' ],
710 silly audit   'character-reference-invalid': [ '2.0.1' ],
710 silly audit   'is-alphanumerical': [ '2.0.1' ],
710 silly audit   'is-decimal': [ '2.0.1' ],
710 silly audit   'is-hexadecimal': [ '2.0.1' ],
710 silly audit   'is-alphabetical': [ '2.0.1' ],
710 silly audit   'estree-util-build-jsx': [ '3.0.1' ],
710 silly audit   'estree-util-to-js': [ '2.0.0' ],
710 silly audit   'recma-parse': [ '1.0.0' ],
710 silly audit   astring: [ '1.9.0' ],
710 silly audit   'esast-util-from-js': [ '2.0.1' ],
710 silly audit   'esast-util-from-estree': [ '2.0.0' ],
710 silly audit   'estree-util-visit': [ '2.0.0' ],
710 silly audit   'hast-util-to-estree': [ '3.1.3' ],
710 silly audit   'estree-util-attach-comments': [ '3.0.0' ],
710 silly audit   'mdast-util-mdx': [ '3.0.0' ],
710 silly audit   'micromark-extension-mdxjs': [ '3.0.0' ],
710 silly audit   'micromark-extension-mdx-expression': [ '3.0.1' ],
710 silly audit   'micromark-extension-mdx-jsx': [ '3.0.2' ],
710 silly audit   'micromark-extension-mdx-md': [ '2.0.0' ],
710 silly audit   'micromark-extension-mdxjs-esm': [ '3.0.0' ],
710 silly audit   'micromark-factory-mdx-expression': [ '2.0.3' ],
710 silly audit   'micromark-util-events-to-acorn': [ '2.0.3' ],
710 silly audit   'mdast-util-to-hast': [ '13.2.1' ],
710 silly audit   '@ungap/structured-clone': [ '1.3.0' ],
710 silly audit   'trim-lines': [ '3.0.1' ],
710 silly audit   'character-entities-html4': [ '2.1.0' ],
710 silly audit   'style-to-object': [ '1.0.14' ],
710 silly audit   'inline-style-parser': [ '0.2.7' ],
710 silly audit   bail: [ '2.0.2' ],
710 silly audit   extend: [ '3.0.2' ],
710 silly audit   'is-plain-obj': [ '4.1.0' ],
710 silly audit   trough: [ '2.2.0' ],
710 silly audit   'unist-util-visit-parents': [ '6.0.2' ],
710 silly audit   yaml: [ '2.8.2' ]
710 silly audit }
711 http cache yaml@https://registry.npmjs.org/yaml/-/yaml-2.8.2.tgz 0ms (cache hit)
712 http cache unist-util-visit-parents@https://registry.npmjs.org/unist-util-visit-parents/-/unist-util-visit-parents-6.0.2.tgz 0ms (cache hit)
713 http cache is-plain-obj@https://registry.npmjs.org/is-plain-obj/-/is-plain-obj-4.1.0.tgz 0ms (cache hit)
714 http cache extend@https://registry.npmjs.org/extend/-/extend-3.0.2.tgz 0ms (cache hit)
715 http cache bail@https://registry.npmjs.org/bail/-/bail-2.0.2.tgz 0ms (cache hit)
716 http cache trough@https://registry.npmjs.org/trough/-/trough-2.2.0.tgz 0ms (cache hit)
717 http cache style-to-object@https://registry.npmjs.org/style-to-object/-/style-to-object-1.0.14.tgz 0ms (cache hit)
718 http cache trim-lines@https://registry.npmjs.org/trim-lines/-/trim-lines-3.0.1.tgz 0ms (cache hit)
719 http cache inline-style-parser@https://registry.npmjs.org/inline-style-parser/-/inline-style-parser-0.2.7.tgz 0ms (cache hit)
720 http cache mdast-util-to-hast@https://registry.npmjs.org/mdast-util-to-hast/-/mdast-util-to-hast-13.2.1.tgz 0ms (cache hit)
721 http cache micromark-util-events-to-acorn@https://registry.npmjs.org/micromark-util-events-to-acorn/-/micromark-util-events-to-acorn-2.0.3.tgz 0ms (cache hit)
722 http cache @ungap/structured-clone@https://registry.npmjs.org/@ungap/structured-clone/-/structured-clone-1.3.0.tgz 0ms (cache hit)
723 http cache micromark-extension-mdx-md@https://registry.npmjs.org/micromark-extension-mdx-md/-/micromark-extension-mdx-md-2.0.0.tgz 0ms (cache hit)
724 http cache micromark-factory-mdx-expression@https://registry.npmjs.org/micromark-factory-mdx-expression/-/micromark-factory-mdx-expression-2.0.3.tgz 0ms (cache hit)
725 http cache micromark-extension-mdx-jsx@https://registry.npmjs.org/micromark-extension-mdx-jsx/-/micromark-extension-mdx-jsx-3.0.2.tgz 0ms (cache hit)
726 http cache micromark-extension-mdxjs-esm@https://registry.npmjs.org/micromark-extension-mdxjs-esm/-/micromark-extension-mdxjs-esm-3.0.0.tgz 0ms (cache hit)
727 http cache mdast-util-mdx@https://registry.npmjs.org/mdast-util-mdx/-/mdast-util-mdx-3.0.0.tgz 0ms (cache hit)
728 http cache micromark-extension-mdx-expression@https://registry.npmjs.org/micromark-extension-mdx-expression/-/micromark-extension-mdx-expression-3.0.1.tgz 0ms (cache hit)
729 http cache hast-util-to-estree@https://registry.npmjs.org/hast-util-to-estree/-/hast-util-to-estree-3.1.3.tgz 0ms (cache hit)
730 http cache estree-util-visit@https://registry.npmjs.org/estree-util-visit/-/estree-util-visit-2.0.0.tgz 0ms (cache hit)
731 http cache estree-util-attach-comments@https://registry.npmjs.org/estree-util-attach-comments/-/estree-util-attach-comments-3.0.0.tgz 0ms (cache hit)
732 http cache esast-util-from-js@https://registry.npmjs.org/esast-util-from-js/-/esast-util-from-js-2.0.1.tgz 0ms (cache hit)
733 http cache character-entities-html4@https://registry.npmjs.org/character-entities-html4/-/character-entities-html4-2.1.0.tgz 0ms (cache hit)
734 http cache micromark-extension-mdxjs@https://registry.npmjs.org/micromark-extension-mdxjs/-/micromark-extension-mdxjs-3.0.0.tgz 0ms (cache hit)
735 http cache esast-util-from-estree@https://registry.npmjs.org/esast-util-from-estree/-/esast-util-from-estree-2.0.0.tgz 0ms (cache hit)
736 http cache recma-parse@https://registry.npmjs.org/recma-parse/-/recma-parse-1.0.0.tgz 0ms (cache hit)
737 http cache estree-util-build-jsx@https://registry.npmjs.org/estree-util-build-jsx/-/estree-util-build-jsx-3.0.1.tgz 0ms (cache hit)
738 http cache is-alphabetical@https://registry.npmjs.org/is-alphabetical/-/is-alphabetical-2.0.1.tgz 0ms (cache hit)
739 http cache is-hexadecimal@https://registry.npmjs.org/is-hexadecimal/-/is-hexadecimal-2.0.1.tgz 0ms (cache hit)
740 http cache is-decimal@https://registry.npmjs.org/is-decimal/-/is-decimal-2.0.1.tgz 0ms (cache hit)
741 http cache character-entities-legacy@https://registry.npmjs.org/character-entities-legacy/-/character-entities-legacy-3.0.0.tgz 0ms (cache hit)
742 http cache is-alphanumerical@https://registry.npmjs.org/is-alphanumerical/-/is-alphanumerical-2.0.1.tgz 0ms (cache hit)
743 http cache estree-util-to-js@https://registry.npmjs.org/estree-util-to-js/-/estree-util-to-js-2.0.0.tgz 0ms (cache hit)
744 http cache astring@https://registry.npmjs.org/astring/-/astring-1.9.0.tgz 0ms (cache hit)
745 http cache character-reference-invalid@https://registry.npmjs.org/character-reference-invalid/-/character-reference-invalid-2.0.1.tgz 0ms (cache hit)
746 http cache micromark-util-html-tag-name@https://registry.npmjs.org/micromark-util-html-tag-name/-/micromark-util-html-tag-name-2.0.1.tgz 0ms (cache hit)
747 http cache micromark-factory-label@https://registry.npmjs.org/micromark-factory-label/-/micromark-factory-label-2.0.1.tgz 0ms (cache hit)
748 http cache @types/ms@https://registry.npmjs.org/@types/ms/-/ms-2.1.0.tgz 0ms (cache hit)
749 http cache micromark-factory-title@https://registry.npmjs.org/micromark-factory-title/-/micromark-factory-title-2.0.1.tgz 0ms (cache hit)
750 http cache micromark-factory-whitespace@https://registry.npmjs.org/micromark-factory-whitespace/-/micromark-factory-whitespace-2.0.1.tgz 0ms (cache hit)
751 http cache micromark-factory-destination@https://registry.npmjs.org/micromark-factory-destination/-/micromark-factory-destination-2.0.1.tgz 0ms (cache hit)
752 http cache micromark-util-sanitize-uri@https://registry.npmjs.org/micromark-util-sanitize-uri/-/micromark-util-sanitize-uri-2.0.1.tgz 0ms (cache hit)
753 http cache micromark-util-encode@https://registry.npmjs.org/micromark-util-encode/-/micromark-util-encode-2.0.1.tgz 0ms (cache hit)
754 http cache micromark-util-resolve-all@https://registry.npmjs.org/micromark-util-resolve-all/-/micromark-util-resolve-all-2.0.1.tgz 0ms (cache hit)
755 http cache micromark-util-combine-extensions@https://registry.npmjs.org/micromark-util-combine-extensions/-/micromark-util-combine-extensions-2.0.1.tgz 0ms (cache hit)
756 http cache micromark-util-chunked@https://registry.npmjs.org/micromark-util-chunked/-/micromark-util-chunked-2.0.1.tgz 0ms (cache hit)
757 http cache micromark-util-subtokenize@https://registry.npmjs.org/micromark-util-subtokenize/-/micromark-util-subtokenize-2.1.0.tgz 0ms (cache hit)
758 http cache micromark-factory-space@https://registry.npmjs.org/micromark-factory-space/-/micromark-factory-space-2.0.1.tgz 0ms (cache hit)
759 http cache @types/debug@https://registry.npmjs.org/@types/debug/-/debug-4.1.12.tgz 0ms (cache hit)
760 http cache micromark-core-commonmark@https://registry.npmjs.org/micromark-core-commonmark/-/micromark-core-commonmark-2.0.3.tgz 0ms (cache hit)
761 http cache micromark-util-character@https://registry.npmjs.org/micromark-util-character/-/micromark-util-character-2.1.1.tgz 0ms (cache hit)
762 http cache micromark-util-classify-character@https://registry.npmjs.org/micromark-util-classify-character/-/micromark-util-classify-character-2.0.1.tgz 0ms (cache hit)
763 http cache zwitch@https://registry.npmjs.org/zwitch/-/zwitch-2.0.4.tgz 0ms (cache hit)
764 http cache longest-streak@https://registry.npmjs.org/longest-streak/-/longest-streak-3.1.0.tgz 0ms (cache hit)
765 http cache mdast-util-phrasing@https://registry.npmjs.org/mdast-util-phrasing/-/mdast-util-phrasing-4.1.0.tgz 0ms (cache hit)
766 http cache parse-entities@https://registry.npmjs.org/parse-entities/-/parse-entities-4.0.2.tgz 0ms (cache hit)
767 http cache character-entities@https://registry.npmjs.org/character-entities/-/character-entities-2.0.2.tgz 0ms (cache hit)
768 http cache ccount@https://registry.npmjs.org/ccount/-/ccount-2.0.1.tgz 0ms (cache hit)
769 http cache micromark-util-types@https://registry.npmjs.org/micromark-util-types/-/micromark-util-types-2.0.2.tgz 0ms (cache hit)
770 http cache stringify-entities@https://registry.npmjs.org/stringify-entities/-/stringify-entities-4.0.4.tgz 0ms (cache hit)
771 http cache micromark-util-normalize-identifier@https://registry.npmjs.org/micromark-util-normalize-identifier/-/micromark-util-normalize-identifier-2.0.1.tgz 0ms (cache hit)
772 http cache unist-util-is@https://registry.npmjs.org/unist-util-is/-/unist-util-is-6.0.1.tgz 0ms (cache hit)
773 http cache micromark-util-symbol@https://registry.npmjs.org/micromark-util-symbol/-/micromark-util-symbol-2.0.1.tgz 0ms (cache hit)
774 http cache micromark-util-decode-string@https://registry.npmjs.org/micromark-util-decode-string/-/micromark-util-decode-string-2.0.1.tgz 0ms (cache hit)
775 http cache mdast-util-to-string@https://registry.npmjs.org/mdast-util-to-string/-/mdast-util-to-string-4.0.0.tgz 0ms (cache hit)
776 http cache mdast-util-to-markdown@https://registry.npmjs.org/mdast-util-to-markdown/-/mdast-util-to-markdown-2.1.2.tgz 0ms (cache hit)
777 http cache decode-named-character-reference@https://registry.npmjs.org/decode-named-character-reference/-/decode-named-character-reference-1.3.0.tgz 0ms (cache hit)
778 http cache micromark-util-decode-numeric-character-reference@https://registry.npmjs.org/micromark-util-decode-numeric-character-reference/-/micromark-util-decode-numeric-character-reference-2.0.2.tgz 0ms (cache hit)
779 http cache micromark@https://registry.npmjs.org/micromark/-/micromark-4.0.2.tgz 0ms (cache hit)
780 http cache mdast-util-from-markdown@https://registry.npmjs.org/mdast-util-from-markdown/-/mdast-util-from-markdown-2.0.3.tgz 0ms (cache hit)
781 http cache vfile-message@https://registry.npmjs.org/vfile-message/-/vfile-message-4.0.3.tgz 0ms (cache hit)
782 http cache space-separated-tokens@https://registry.npmjs.org/space-separated-tokens/-/space-separated-tokens-2.0.2.tgz 0ms (cache hit)
783 http cache property-information@https://registry.npmjs.org/property-information/-/property-information-7.1.0.tgz 0ms (cache hit)
784 http cache @types/mdast@https://registry.npmjs.org/@types/mdast/-/mdast-4.0.4.tgz 0ms (cache hit)
785 http cache style-to-js@https://registry.npmjs.org/style-to-js/-/style-to-js-1.1.21.tgz 0ms (cache hit)
786 http cache mdast-util-mdxjs-esm@https://registry.npmjs.org/mdast-util-mdxjs-esm/-/mdast-util-mdxjs-esm-2.0.1.tgz 0ms (cache hit)
787 http cache unist-util-position@https://registry.npmjs.org/unist-util-position/-/unist-util-position-5.0.0.tgz 0ms (cache hit)
788 http cache mdast-util-mdx-jsx@https://registry.npmjs.org/mdast-util-mdx-jsx/-/mdast-util-mdx-jsx-3.2.0.tgz 0ms (cache hit)
789 http cache mdast-util-mdx-expression@https://registry.npmjs.org/mdast-util-mdx-expression/-/mdast-util-mdx-expression-2.0.1.tgz 0ms (cache hit)
790 http cache hast-util-whitespace@https://registry.npmjs.org/hast-util-whitespace/-/hast-util-whitespace-3.0.0.tgz 0ms (cache hit)
791 http cache comma-separated-tokens@https://registry.npmjs.org/comma-separated-tokens/-/comma-separated-tokens-2.0.3.tgz 0ms (cache hit)
792 http cache dequal@https://registry.npmjs.org/dequal/-/dequal-2.0.3.tgz 0ms (cache hit)
793 http cache unified@https://registry.npmjs.org/unified/-/unified-11.0.5.tgz 0ms (cache hit)
794 http cache unist-util-stringify-position@https://registry.npmjs.org/unist-util-stringify-position/-/unist-util-stringify-position-4.0.0.tgz 0ms (cache hit)
795 http cache @types/unist@https://registry.npmjs.org/@types/unist/-/unist-3.0.3.tgz 0ms (cache hit)
796 http cache remark-rehype@https://registry.npmjs.org/remark-rehype/-/remark-rehype-11.1.2.tgz 0ms (cache hit)
797 http cache source-map@https://registry.npmjs.org/source-map/-/source-map-0.7.6.tgz 0ms (cache hit)
798 http cache remark-parse@https://registry.npmjs.org/remark-parse/-/remark-parse-11.0.0.tgz 0ms (cache hit)
799 http cache rehype-recma@https://registry.npmjs.org/rehype-recma/-/rehype-recma-1.0.0.tgz 0ms (cache hit)
800 http cache unist-util-position-from-estree@https://registry.npmjs.org/unist-util-position-from-estree/-/unist-util-position-from-estree-2.0.0.tgz 0ms (cache hit)
801 http cache recma-jsx@https://registry.npmjs.org/recma-jsx/-/recma-jsx-1.0.1.tgz 0ms (cache hit)
802 http cache recma-stringify@https://registry.npmjs.org/recma-stringify/-/recma-stringify-1.0.0.tgz 0ms (cache hit)
803 http cache hast-util-to-jsx-runtime@https://registry.npmjs.org/hast-util-to-jsx-runtime/-/hast-util-to-jsx-runtime-2.3.6.tgz 0ms (cache hit)
804 http cache remark-mdx@https://registry.npmjs.org/remark-mdx/-/remark-mdx-3.1.1.tgz 0ms (cache hit)
805 http cache recma-build-jsx@https://registry.npmjs.org/recma-build-jsx/-/recma-build-jsx-1.0.0.tgz 0ms (cache hit)
806 http cache estree-walker@https://registry.npmjs.org/estree-walker/-/estree-walker-3.0.3.tgz 0ms (cache hit)
807 http cache markdown-extensions@https://registry.npmjs.org/markdown-extensions/-/markdown-extensions-2.0.0.tgz 0ms (cache hit)
808 http cache devlop@https://registry.npmjs.org/devlop/-/devlop-1.1.0.tgz 0ms (cache hit)
809 http cache estree-util-is-identifier-name@https://registry.npmjs.org/estree-util-is-identifier-name/-/estree-util-is-identifier-name-3.0.0.tgz 0ms (cache hit)
810 http cache @types/mdx@https://registry.npmjs.org/@types/mdx/-/mdx-2.0.13.tgz 0ms (cache hit)
811 http cache estree-util-scope@https://registry.npmjs.org/estree-util-scope/-/estree-util-scope-1.0.0.tgz 0ms (cache hit)
812 http cache collapse-white-space@https://registry.npmjs.org/collapse-white-space/-/collapse-white-space-2.1.0.tgz 0ms (cache hit)
813 http cache @types/hast@https://registry.npmjs.org/@types/hast/-/hast-3.0.4.tgz 0ms (cache hit)
814 http cache @types/estree-jsx@https://registry.npmjs.org/@types/estree-jsx/-/estree-jsx-1.0.5.tgz 0ms (cache hit)
815 http cache unist-util-visit@https://registry.npmjs.org/unist-util-visit/-/unist-util-visit-5.1.0.tgz 0ms (cache hit)
816 http cache vfile-matter@https://registry.npmjs.org/vfile-matter/-/vfile-matter-5.0.1.tgz 0ms (cache hit)
817 http cache @mdx-js/mdx@https://registry.npmjs.org/@mdx-js/mdx/-/mdx-3.1.1.tgz 0ms (cache hit)
818 http cache @mdx-js/react@https://registry.npmjs.org/@mdx-js/react/-/react-3.1.1.tgz 0ms (cache hit)
819 http cache vfile@https://registry.npmjs.org/vfile/-/vfile-6.0.3.tgz 0ms (cache hit)
820 http cache unist-util-remove@https://registry.npmjs.org/unist-util-remove/-/unist-util-remove-4.0.0.tgz 0ms (cache hit)
821 http cache motion-dom@https://registry.npmjs.org/motion-dom/-/motion-dom-12.35.2.tgz 0ms (cache hit)
822 http cache motion-utils@https://registry.npmjs.org/motion-utils/-/motion-utils-12.29.2.tgz 0ms (cache hit)
823 http cache tailwind-merge@https://registry.npmjs.org/tailwind-merge/-/tailwind-merge-3.5.0.tgz 0ms (cache hit)
824 http cache lucide-react@https://registry.npmjs.org/lucide-react/-/lucide-react-0.577.0.tgz 0ms (cache hit)
825 http cache next-mdx-remote@https://registry.npmjs.org/next-mdx-remote/-/next-mdx-remote-6.0.0.tgz 0ms (cache hit)
826 http cache @web3forms/react@https://registry.npmjs.org/@web3forms/react/-/react-1.1.3.tgz 0ms (cache hit)
827 http cache clsx@https://registry.npmjs.org/clsx/-/clsx-2.1.1.tgz 0ms (cache hit)
828 http cache framer-motion@https://registry.npmjs.org/framer-motion/-/framer-motion-12.35.2.tgz 0ms (cache hit)
829 http cache fuse.js@https://registry.npmjs.org/fuse.js/-/fuse.js-7.1.0.tgz 0ms (cache hit)
830 http cache @types/unist@https://registry.npmjs.org/@types/unist/-/unist-2.0.11.tgz 0ms (cache hit)
831 silly tarball no local data for yaml@https://registry.npmjs.org/yaml/-/yaml-2.8.2.tgz. Extracting by manifest.
832 silly tarball no local data for unist-util-visit-parents@https://registry.npmjs.org/unist-util-visit-parents/-/unist-util-visit-parents-6.0.2.tgz. Extracting by manifest.
833 silly tarball no local data for is-plain-obj@https://registry.npmjs.org/is-plain-obj/-/is-plain-obj-4.1.0.tgz. Extracting by manifest.
834 silly tarball no local data for extend@https://registry.npmjs.org/extend/-/extend-3.0.2.tgz. Extracting by manifest.
835 silly tarball no local data for bail@https://registry.npmjs.org/bail/-/bail-2.0.2.tgz. Extracting by manifest.
836 silly tarball no local data for trough@https://registry.npmjs.org/trough/-/trough-2.2.0.tgz. Extracting by manifest.
837 silly tarball no local data for style-to-object@https://registry.npmjs.org/style-to-object/-/style-to-object-1.0.14.tgz. Extracting by manifest.
838 silly tarball no local data for trim-lines@https://registry.npmjs.org/trim-lines/-/trim-lines-3.0.1.tgz. Extracting by manifest.
839 silly tarball no local data for inline-style-parser@https://registry.npmjs.org/inline-style-parser/-/inline-style-parser-0.2.7.tgz. Extracting by manifest.
840 silly tarball no local data for mdast-util-to-hast@https://registry.npmjs.org/mdast-util-to-hast/-/mdast-util-to-hast-13.2.1.tgz. Extracting by manifest.
841 silly tarball no local data for micromark-util-events-to-acorn@https://registry.npmjs.org/micromark-util-events-to-acorn/-/micromark-util-events-to-acorn-2.0.3.tgz. Extracting by manifest.
842 silly tarball no local data for @ungap/structured-clone@https://registry.npmjs.org/@ungap/structured-clone/-/structured-clone-1.3.0.tgz. Extracting by manifest.
843 silly tarball no local data for micromark-extension-mdx-md@https://registry.npmjs.org/micromark-extension-mdx-md/-/micromark-extension-mdx-md-2.0.0.tgz. Extracting by manifest.
844 silly tarball no local data for micromark-factory-mdx-expression@https://registry.npmjs.org/micromark-factory-mdx-expression/-/micromark-factory-mdx-expression-2.0.3.tgz. Extracting by manifest.
845 silly tarball no local data for micromark-extension-mdx-jsx@https://registry.npmjs.org/micromark-extension-mdx-jsx/-/micromark-extension-mdx-jsx-3.0.2.tgz. Extracting by manifest.
846 silly tarball no local data for micromark-extension-mdxjs-esm@https://registry.npmjs.org/micromark-extension-mdxjs-esm/-/micromark-extension-mdxjs-esm-3.0.0.tgz. Extracting by manifest.
847 silly tarball no local data for mdast-util-mdx@https://registry.npmjs.org/mdast-util-mdx/-/mdast-util-mdx-3.0.0.tgz. Extracting by manifest.
848 silly tarball no local data for micromark-extension-mdx-expression@https://registry.npmjs.org/micromark-extension-mdx-expression/-/micromark-extension-mdx-expression-3.0.1.tgz. Extracting by manifest.
849 silly tarball no local data for hast-util-to-estree@https://registry.npmjs.org/hast-util-to-estree/-/hast-util-to-estree-3.1.3.tgz. Extracting by manifest.
850 silly tarball no local data for estree-util-visit@https://registry.npmjs.org/estree-util-visit/-/estree-util-visit-2.0.0.tgz. Extracting by manifest.
851 silly tarball no local data for estree-util-attach-comments@https://registry.npmjs.org/estree-util-attach-comments/-/estree-util-attach-comments-3.0.0.tgz. Extracting by manifest.
852 silly tarball no local data for esast-util-from-js@https://registry.npmjs.org/esast-util-from-js/-/esast-util-from-js-2.0.1.tgz. Extracting by manifest.
853 silly tarball no local data for character-entities-html4@https://registry.npmjs.org/character-entities-html4/-/character-entities-html4-2.1.0.tgz. Extracting by manifest.
854 silly tarball no local data for micromark-extension-mdxjs@https://registry.npmjs.org/micromark-extension-mdxjs/-/micromark-extension-mdxjs-3.0.0.tgz. Extracting by manifest.
855 silly tarball no local data for esast-util-from-estree@https://registry.npmjs.org/esast-util-from-estree/-/esast-util-from-estree-2.0.0.tgz. Extracting by manifest.
856 silly tarball no local data for recma-parse@https://registry.npmjs.org/recma-parse/-/recma-parse-1.0.0.tgz. Extracting by manifest.
857 silly tarball no local data for estree-util-build-jsx@https://registry.npmjs.org/estree-util-build-jsx/-/estree-util-build-jsx-3.0.1.tgz. Extracting by manifest.
858 silly tarball no local data for is-alphabetical@https://registry.npmjs.org/is-alphabetical/-/is-alphabetical-2.0.1.tgz. Extracting by manifest.
859 silly tarball no local data for is-hexadecimal@https://registry.npmjs.org/is-hexadecimal/-/is-hexadecimal-2.0.1.tgz. Extracting by manifest.
860 silly tarball no local data for is-decimal@https://registry.npmjs.org/is-decimal/-/is-decimal-2.0.1.tgz. Extracting by manifest.
861 silly tarball no local data for character-entities-legacy@https://registry.npmjs.org/character-entities-legacy/-/character-entities-legacy-3.0.0.tgz. Extracting by manifest.
862 silly tarball no local data for is-alphanumerical@https://registry.npmjs.org/is-alphanumerical/-/is-alphanumerical-2.0.1.tgz. Extracting by manifest.
863 silly tarball no local data for estree-util-to-js@https://registry.npmjs.org/estree-util-to-js/-/estree-util-to-js-2.0.0.tgz. Extracting by manifest.
864 silly tarball no local data for astring@https://registry.npmjs.org/astring/-/astring-1.9.0.tgz. Extracting by manifest.
865 silly tarball no local data for character-reference-invalid@https://registry.npmjs.org/character-reference-invalid/-/character-reference-invalid-2.0.1.tgz. Extracting by manifest.
866 silly tarball no local data for micromark-util-html-tag-name@https://registry.npmjs.org/micromark-util-html-tag-name/-/micromark-util-html-tag-name-2.0.1.tgz. Extracting by manifest.
867 silly tarball no local data for micromark-factory-label@https://registry.npmjs.org/micromark-factory-label/-/micromark-factory-label-2.0.1.tgz. Extracting by manifest.
868 silly tarball no local data for @types/ms@https://registry.npmjs.org/@types/ms/-/ms-2.1.0.tgz. Extracting by manifest.
869 silly tarball no local data for micromark-factory-title@https://registry.npmjs.org/micromark-factory-title/-/micromark-factory-title-2.0.1.tgz. Extracting by manifest.
870 silly tarball no local data for micromark-factory-whitespace@https://registry.npmjs.org/micromark-factory-whitespace/-/micromark-factory-whitespace-2.0.1.tgz. Extracting by manifest.
871 silly tarball no local data for micromark-factory-destination@https://registry.npmjs.org/micromark-factory-destination/-/micromark-factory-destination-2.0.1.tgz. Extracting by manifest.
872 silly tarball no local data for micromark-util-sanitize-uri@https://registry.npmjs.org/micromark-util-sanitize-uri/-/micromark-util-sanitize-uri-2.0.1.tgz. Extracting by manifest.
873 silly tarball no local data for micromark-util-encode@https://registry.npmjs.org/micromark-util-encode/-/micromark-util-encode-2.0.1.tgz. Extracting by manifest.
874 silly tarball no local data for micromark-util-resolve-all@https://registry.npmjs.org/micromark-util-resolve-all/-/micromark-util-resolve-all-2.0.1.tgz. Extracting by manifest.
875 silly tarball no local data for micromark-util-combine-extensions@https://registry.npmjs.org/micromark-util-combine-extensions/-/micromark-util-combine-extensions-2.0.1.tgz. Extracting by manifest.
876 silly tarball no local data for micromark-util-chunked@https://registry.npmjs.org/micromark-util-chunked/-/micromark-util-chunked-2.0.1.tgz. Extracting by manifest.
877 silly tarball no local data for micromark-util-subtokenize@https://registry.npmjs.org/micromark-util-subtokenize/-/micromark-util-subtokenize-2.1.0.tgz. Extracting by manifest.
878 silly tarball no local data for micromark-factory-space@https://registry.npmjs.org/micromark-factory-space/-/micromark-factory-space-2.0.1.tgz. Extracting by manifest.
879 silly tarball no local data for @types/debug@https://registry.npmjs.org/@types/debug/-/debug-4.1.12.tgz. Extracting by manifest.
880 silly tarball no local data for micromark-core-commonmark@https://registry.npmjs.org/micromark-core-commonmark/-/micromark-core-commonmark-2.0.3.tgz. Extracting by manifest.
881 silly tarball no local data for micromark-util-character@https://registry.npmjs.org/micromark-util-character/-/micromark-util-character-2.1.1.tgz. Extracting by manifest.
882 silly tarball no local data for micromark-util-classify-character@https://registry.npmjs.org/micromark-util-classify-character/-/micromark-util-classify-character-2.0.1.tgz. Extracting by manifest.
883 silly tarball no local data for zwitch@https://registry.npmjs.org/zwitch/-/zwitch-2.0.4.tgz. Extracting by manifest.
884 silly tarball no local data for longest-streak@https://registry.npmjs.org/longest-streak/-/longest-streak-3.1.0.tgz. Extracting by manifest.
885 silly tarball no local data for mdast-util-phrasing@https://registry.npmjs.org/mdast-util-phrasing/-/mdast-util-phrasing-4.1.0.tgz. Extracting by manifest.
886 silly tarball no local data for parse-entities@https://registry.npmjs.org/parse-entities/-/parse-entities-4.0.2.tgz. Extracting by manifest.
887 silly tarball no local data for character-entities@https://registry.npmjs.org/character-entities/-/character-entities-2.0.2.tgz. Extracting by manifest.
888 silly tarball no local data for ccount@https://registry.npmjs.org/ccount/-/ccount-2.0.1.tgz. Extracting by manifest.
889 silly tarball no local data for micromark-util-types@https://registry.npmjs.org/micromark-util-types/-/micromark-util-types-2.0.2.tgz. Extracting by manifest.
890 silly tarball no local data for stringify-entities@https://registry.npmjs.org/stringify-entities/-/stringify-entities-4.0.4.tgz. Extracting by manifest.
891 silly tarball no local data for micromark-util-normalize-identifier@https://registry.npmjs.org/micromark-util-normalize-identifier/-/micromark-util-normalize-identifier-2.0.1.tgz. Extracting by manifest.
892 silly tarball no local data for unist-util-is@https://registry.npmjs.org/unist-util-is/-/unist-util-is-6.0.1.tgz. Extracting by manifest.
893 silly tarball no local data for micromark-util-symbol@https://registry.npmjs.org/micromark-util-symbol/-/micromark-util-symbol-2.0.1.tgz. Extracting by manifest.
894 silly tarball no local data for micromark-util-decode-string@https://registry.npmjs.org/micromark-util-decode-string/-/micromark-util-decode-string-2.0.1.tgz. Extracting by manifest.
895 silly tarball no local data for mdast-util-to-string@https://registry.npmjs.org/mdast-util-to-string/-/mdast-util-to-string-4.0.0.tgz. Extracting by manifest.
896 silly tarball no local data for mdast-util-to-markdown@https://registry.npmjs.org/mdast-util-to-markdown/-/mdast-util-to-markdown-2.1.2.tgz. Extracting by manifest.
897 silly tarball no local data for decode-named-character-reference@https://registry.npmjs.org/decode-named-character-reference/-/decode-named-character-reference-1.3.0.tgz. Extracting by manifest.
898 silly tarball no local data for micromark-util-decode-numeric-character-reference@https://registry.npmjs.org/micromark-util-decode-numeric-character-reference/-/micromark-util-decode-numeric-character-reference-2.0.2.tgz. Extracting by manifest.
899 silly tarball no local data for micromark@https://registry.npmjs.org/micromark/-/micromark-4.0.2.tgz. Extracting by manifest.
900 silly tarball no local data for mdast-util-from-markdown@https://registry.npmjs.org/mdast-util-from-markdown/-/mdast-util-from-markdown-2.0.3.tgz. Extracting by manifest.
901 silly tarball no local data for vfile-message@https://registry.npmjs.org/vfile-message/-/vfile-message-4.0.3.tgz. Extracting by manifest.
902 silly tarball no local data for space-separated-tokens@https://registry.npmjs.org/space-separated-tokens/-/space-separated-tokens-2.0.2.tgz. Extracting by manifest.
903 silly tarball no local data for property-information@https://registry.npmjs.org/property-information/-/property-information-7.1.0.tgz. Extracting by manifest.
904 silly tarball no local data for @types/mdast@https://registry.npmjs.org/@types/mdast/-/mdast-4.0.4.tgz. Extracting by manifest.
905 silly tarball no local data for style-to-js@https://registry.npmjs.org/style-to-js/-/style-to-js-1.1.21.tgz. Extracting by manifest.
906 silly tarball no local data for mdast-util-mdxjs-esm@https://registry.npmjs.org/mdast-util-mdxjs-esm/-/mdast-util-mdxjs-esm-2.0.1.tgz. Extracting by manifest.
907 silly tarball no local data for unist-util-position@https://registry.npmjs.org/unist-util-position/-/unist-util-position-5.0.0.tgz. Extracting by manifest.
908 silly tarball no local data for mdast-util-mdx-jsx@https://registry.npmjs.org/mdast-util-mdx-jsx/-/mdast-util-mdx-jsx-3.2.0.tgz. Extracting by manifest.
909 silly tarball no local data for mdast-util-mdx-expression@https://registry.npmjs.org/mdast-util-mdx-expression/-/mdast-util-mdx-expression-2.0.1.tgz. Extracting by manifest.
910 silly tarball no local data for hast-util-whitespace@https://registry.npmjs.org/hast-util-whitespace/-/hast-util-whitespace-3.0.0.tgz. Extracting by manifest.
911 silly tarball no local data for comma-separated-tokens@https://registry.npmjs.org/comma-separated-tokens/-/comma-separated-tokens-2.0.3.tgz. Extracting by manifest.
912 silly tarball no local data for dequal@https://registry.npmjs.org/dequal/-/dequal-2.0.3.tgz. Extracting by manifest.
913 silly tarball no local data for unified@https://registry.npmjs.org/unified/-/unified-11.0.5.tgz. Extracting by manifest.
914 silly tarball no local data for unist-util-stringify-position@https://registry.npmjs.org/unist-util-stringify-position/-/unist-util-stringify-position-4.0.0.tgz. Extracting by manifest.
915 silly tarball no local data for @types/unist@https://registry.npmjs.org/@types/unist/-/unist-3.0.3.tgz. Extracting by manifest.
916 silly tarball no local data for remark-rehype@https://registry.npmjs.org/remark-rehype/-/remark-rehype-11.1.2.tgz. Extracting by manifest.
917 silly tarball no local data for source-map@https://registry.npmjs.org/source-map/-/source-map-0.7.6.tgz. Extracting by manifest.
918 silly tarball no local data for remark-parse@https://registry.npmjs.org/remark-parse/-/remark-parse-11.0.0.tgz. Extracting by manifest.
919 silly tarball no local data for rehype-recma@https://registry.npmjs.org/rehype-recma/-/rehype-recma-1.0.0.tgz. Extracting by manifest.
920 silly tarball no local data for unist-util-position-from-estree@https://registry.npmjs.org/unist-util-position-from-estree/-/unist-util-position-from-estree-2.0.0.tgz. Extracting by manifest.
921 silly tarball no local data for recma-jsx@https://registry.npmjs.org/recma-jsx/-/recma-jsx-1.0.1.tgz. Extracting by manifest.
922 silly tarball no local data for recma-stringify@https://registry.npmjs.org/recma-stringify/-/recma-stringify-1.0.0.tgz. Extracting by manifest.
923 silly tarball no local data for hast-util-to-jsx-runtime@https://registry.npmjs.org/hast-util-to-jsx-runtime/-/hast-util-to-jsx-runtime-2.3.6.tgz. Extracting by manifest.
924 silly tarball no local data for remark-mdx@https://registry.npmjs.org/remark-mdx/-/remark-mdx-3.1.1.tgz. Extracting by manifest.
925 silly tarball no local data for recma-build-jsx@https://registry.npmjs.org/recma-build-jsx/-/recma-build-jsx-1.0.0.tgz. Extracting by manifest.
926 silly tarball no local data for estree-walker@https://registry.npmjs.org/estree-walker/-/estree-walker-3.0.3.tgz. Extracting by manifest.
927 silly tarball no local data for markdown-extensions@https://registry.npmjs.org/markdown-extensions/-/markdown-extensions-2.0.0.tgz. Extracting by manifest.
928 silly tarball no local data for devlop@https://registry.npmjs.org/devlop/-/devlop-1.1.0.tgz. Extracting by manifest.
929 silly tarball no local data for estree-util-is-identifier-name@https://registry.npmjs.org/estree-util-is-identifier-name/-/estree-util-is-identifier-name-3.0.0.tgz. Extracting by manifest.
930 silly tarball no local data for @types/mdx@https://registry.npmjs.org/@types/mdx/-/mdx-2.0.13.tgz. Extracting by manifest.
931 silly tarball no local data for estree-util-scope@https://registry.npmjs.org/estree-util-scope/-/estree-util-scope-1.0.0.tgz. Extracting by manifest.
932 silly tarball no local data for collapse-white-space@https://registry.npmjs.org/collapse-white-space/-/collapse-white-space-2.1.0.tgz. Extracting by manifest.
933 silly tarball no local data for @types/hast@https://registry.npmjs.org/@types/hast/-/hast-3.0.4.tgz. Extracting by manifest.
934 silly tarball no local data for @types/estree-jsx@https://registry.npmjs.org/@types/estree-jsx/-/estree-jsx-1.0.5.tgz. Extracting by manifest.
935 silly tarball no local data for unist-util-visit@https://registry.npmjs.org/unist-util-visit/-/unist-util-visit-5.1.0.tgz. Extracting by manifest.
936 silly tarball no local data for vfile-matter@https://registry.npmjs.org/vfile-matter/-/vfile-matter-5.0.1.tgz. Extracting by manifest.
937 silly tarball no local data for @mdx-js/mdx@https://registry.npmjs.org/@mdx-js/mdx/-/mdx-3.1.1.tgz. Extracting by manifest.
938 silly tarball no local data for @mdx-js/react@https://registry.npmjs.org/@mdx-js/react/-/react-3.1.1.tgz. Extracting by manifest.
939 silly tarball no local data for vfile@https://registry.npmjs.org/vfile/-/vfile-6.0.3.tgz. Extracting by manifest.
940 silly tarball no local data for unist-util-remove@https://registry.npmjs.org/unist-util-remove/-/unist-util-remove-4.0.0.tgz. Extracting by manifest.
941 silly tarball no local data for motion-dom@https://registry.npmjs.org/motion-dom/-/motion-dom-12.35.2.tgz. Extracting by manifest.
942 silly tarball no local data for motion-utils@https://registry.npmjs.org/motion-utils/-/motion-utils-12.29.2.tgz. Extracting by manifest.
943 silly tarball no local data for tailwind-merge@https://registry.npmjs.org/tailwind-merge/-/tailwind-merge-3.5.0.tgz. Extracting by manifest.
944 silly tarball no local data for lucide-react@https://registry.npmjs.org/lucide-react/-/lucide-react-0.577.0.tgz. Extracting by manifest.
945 silly tarball no local data for next-mdx-remote@https://registry.npmjs.org/next-mdx-remote/-/next-mdx-remote-6.0.0.tgz. Extracting by manifest.
946 silly tarball no local data for @web3forms/react@https://registry.npmjs.org/@web3forms/react/-/react-1.1.3.tgz. Extracting by manifest.
947 silly tarball no local data for clsx@https://registry.npmjs.org/clsx/-/clsx-2.1.1.tgz. Extracting by manifest.
948 silly tarball no local data for framer-motion@https://registry.npmjs.org/framer-motion/-/framer-motion-12.35.2.tgz. Extracting by manifest.
949 silly tarball no local data for fuse.js@https://registry.npmjs.org/fuse.js/-/fuse.js-7.1.0.tgz. Extracting by manifest.
950 silly tarball no local data for @types/unist@https://registry.npmjs.org/@types/unist/-/unist-2.0.11.tgz. Extracting by manifest.
951 http fetch POST 200 https://registry.npmjs.org/-/npm/v1/security/advisories/bulk 63ms
952 silly audit report {}
953 http fetch GET 200 https://registry.npmjs.org/is-plain-obj/-/is-plain-obj-4.1.0.tgz 74ms (cache miss)
954 http fetch GET 200 https://registry.npmjs.org/bail/-/bail-2.0.2.tgz 74ms (cache miss)
955 http fetch GET 200 https://registry.npmjs.org/unist-util-visit-parents/-/unist-util-visit-parents-6.0.2.tgz 75ms (cache miss)
956 http fetch GET 200 https://registry.npmjs.org/style-to-object/-/style-to-object-1.0.14.tgz 74ms (cache miss)
957 http fetch GET 200 https://registry.npmjs.org/trim-lines/-/trim-lines-3.0.1.tgz 74ms (cache miss)
958 http fetch GET 200 https://registry.npmjs.org/trough/-/trough-2.2.0.tgz 75ms (cache miss)
959 http fetch GET 200 https://registry.npmjs.org/extend/-/extend-3.0.2.tgz 76ms (cache miss)
960 http fetch GET 200 https://registry.npmjs.org/micromark-extension-mdxjs-esm/-/micromark-extension-mdxjs-esm-3.0.0.tgz 93ms (cache miss)
961 http fetch GET 200 https://registry.npmjs.org/estree-util-visit/-/estree-util-visit-2.0.0.tgz 94ms (cache miss)
962 http fetch GET 200 https://registry.npmjs.org/mdast-util-mdx/-/mdast-util-mdx-3.0.0.tgz 95ms (cache miss)
963 http fetch GET 200 https://registry.npmjs.org/estree-util-attach-comments/-/estree-util-attach-comments-3.0.0.tgz 96ms (cache miss)
964 http fetch GET 200 https://registry.npmjs.org/character-entities-html4/-/character-entities-html4-2.1.0.tgz 99ms (cache miss)
965 http fetch GET 200 https://registry.npmjs.org/micromark-extension-mdx-expression/-/micromark-extension-mdx-expression-3.0.1.tgz 101ms (cache miss)
966 http fetch GET 200 https://registry.npmjs.org/esast-util-from-js/-/esast-util-from-js-2.0.1.tgz 101ms (cache miss)
967 http fetch GET 200 https://registry.npmjs.org/micromark-extension-mdx-md/-/micromark-extension-mdx-md-2.0.0.tgz 103ms (cache miss)
968 http fetch GET 200 https://registry.npmjs.org/micromark-factory-mdx-expression/-/micromark-factory-mdx-expression-2.0.3.tgz 108ms (cache miss)
969 http fetch GET 200 https://registry.npmjs.org/esast-util-from-estree/-/esast-util-from-estree-2.0.0.tgz 117ms (cache miss)
970 http fetch GET 200 https://registry.npmjs.org/is-alphabetical/-/is-alphabetical-2.0.1.tgz 119ms (cache miss)
971 http fetch GET 200 https://registry.npmjs.org/recma-parse/-/recma-parse-1.0.0.tgz 123ms (cache miss)
972 http fetch GET 200 https://registry.npmjs.org/micromark-extension-mdxjs/-/micromark-extension-mdxjs-3.0.0.tgz 124ms (cache miss)
973 http fetch GET 200 https://registry.npmjs.org/is-hexadecimal/-/is-hexadecimal-2.0.1.tgz 125ms (cache miss)
974 http fetch GET 200 https://registry.npmjs.org/is-decimal/-/is-decimal-2.0.1.tgz 128ms (cache miss)
975 http fetch GET 200 https://registry.npmjs.org/estree-util-build-jsx/-/estree-util-build-jsx-3.0.1.tgz 130ms (cache miss)
976 http fetch GET 200 https://registry.npmjs.org/micromark-util-events-to-acorn/-/micromark-util-events-to-acorn-2.0.3.tgz 133ms (cache miss)
977 http fetch GET 200 https://registry.npmjs.org/is-alphanumerical/-/is-alphanumerical-2.0.1.tgz 130ms (cache miss)
978 http fetch GET 200 https://registry.npmjs.org/character-entities-legacy/-/character-entities-legacy-3.0.0.tgz 132ms (cache miss)
979 http fetch GET 200 https://registry.npmjs.org/character-reference-invalid/-/character-reference-invalid-2.0.1.tgz 138ms (cache miss)
980 http fetch GET 200 https://registry.npmjs.org/micromark-util-html-tag-name/-/micromark-util-html-tag-name-2.0.1.tgz 146ms (cache miss)
981 http fetch GET 200 https://registry.npmjs.org/@ungap/structured-clone/-/structured-clone-1.3.0.tgz 151ms (cache miss)
982 http fetch GET 200 https://registry.npmjs.org/estree-util-to-js/-/estree-util-to-js-2.0.0.tgz 158ms (cache miss)
983 http fetch GET 200 https://registry.npmjs.org/micromark-factory-whitespace/-/micromark-factory-whitespace-2.0.1.tgz 157ms (cache miss)
984 http fetch GET 200 https://registry.npmjs.org/@types/ms/-/ms-2.1.0.tgz 158ms (cache miss)
985 http fetch GET 200 https://registry.npmjs.org/micromark-util-chunked/-/micromark-util-chunked-2.0.1.tgz 158ms (cache miss)
986 http fetch GET 200 https://registry.npmjs.org/micromark-factory-title/-/micromark-factory-title-2.0.1.tgz 159ms (cache miss)
987 http fetch GET 200 https://registry.npmjs.org/micromark-factory-label/-/micromark-factory-label-2.0.1.tgz 159ms (cache miss)
988 http fetch GET 200 https://registry.npmjs.org/micromark-util-resolve-all/-/micromark-util-resolve-all-2.0.1.tgz 158ms (cache miss)
989 http fetch GET 200 https://registry.npmjs.org/micromark-util-encode/-/micromark-util-encode-2.0.1.tgz 159ms (cache miss)
990 http fetch GET 200 https://registry.npmjs.org/micromark-factory-destination/-/micromark-factory-destination-2.0.1.tgz 164ms (cache miss)
991 http fetch GET 200 https://registry.npmjs.org/inline-style-parser/-/inline-style-parser-0.2.7.tgz 182ms (cache miss)
992 http fetch GET 200 https://registry.npmjs.org/micromark-util-sanitize-uri/-/micromark-util-sanitize-uri-2.0.1.tgz 191ms (cache miss)
993 http fetch GET 200 https://registry.npmjs.org/micromark-factory-space/-/micromark-factory-space-2.0.1.tgz 194ms (cache miss)
994 http fetch GET 200 https://registry.npmjs.org/micromark-extension-mdx-jsx/-/micromark-extension-mdx-jsx-3.0.2.tgz 216ms (cache miss)
995 http fetch GET 200 https://registry.npmjs.org/micromark-util-combine-extensions/-/micromark-util-combine-extensions-2.0.1.tgz 215ms (cache miss)
996 http fetch GET 200 https://registry.npmjs.org/micromark-util-classify-character/-/micromark-util-classify-character-2.0.1.tgz 226ms (cache miss)
997 http fetch GET 200 https://registry.npmjs.org/longest-streak/-/longest-streak-3.1.0.tgz 232ms (cache miss)
998 http fetch GET 200 https://registry.npmjs.org/micromark-util-character/-/micromark-util-character-2.1.1.tgz 274ms (cache miss)
999 http fetch GET 200 https://registry.npmjs.org/zwitch/-/zwitch-2.0.4.tgz 285ms (cache miss)
1000 http fetch GET 200 https://registry.npmjs.org/ccount/-/ccount-2.0.1.tgz 299ms (cache miss)
1001 http fetch GET 200 https://registry.npmjs.org/@types/debug/-/debug-4.1.12.tgz 300ms (cache miss)
1002 http fetch GET 200 https://registry.npmjs.org/character-entities/-/character-entities-2.0.2.tgz 300ms (cache miss)
1003 http fetch GET 200 https://registry.npmjs.org/micromark-util-types/-/micromark-util-types-2.0.2.tgz 301ms (cache miss)
1004 http fetch GET 200 https://registry.npmjs.org/micromark-util-normalize-identifier/-/micromark-util-normalize-identifier-2.0.1.tgz 301ms (cache miss)
1005 http fetch GET 200 https://registry.npmjs.org/parse-entities/-/parse-entities-4.0.2.tgz 311ms (cache miss)
1006 http fetch GET 200 https://registry.npmjs.org/astring/-/astring-1.9.0.tgz 326ms (cache miss)
1007 http fetch GET 200 https://registry.npmjs.org/micromark-util-decode-numeric-character-reference/-/micromark-util-decode-numeric-character-reference-2.0.2.tgz 328ms (cache miss)
1008 http fetch GET 200 https://registry.npmjs.org/mdast-util-phrasing/-/mdast-util-phrasing-4.1.0.tgz 330ms (cache miss)
1009 http fetch GET 200 https://registry.npmjs.org/decode-named-character-reference/-/decode-named-character-reference-1.3.0.tgz 329ms (cache miss)
1010 http fetch GET 200 https://registry.npmjs.org/stringify-entities/-/stringify-entities-4.0.4.tgz 345ms (cache miss)
1011 http fetch GET 200 https://registry.npmjs.org/mdast-util-to-string/-/mdast-util-to-string-4.0.0.tgz 350ms (cache miss)
1012 http fetch GET 200 https://registry.npmjs.org/micromark-util-decode-string/-/micromark-util-decode-string-2.0.1.tgz 351ms (cache miss)
1013 http fetch GET 200 https://registry.npmjs.org/space-separated-tokens/-/space-separated-tokens-2.0.2.tgz 355ms (cache miss)
1014 http fetch GET 200 https://registry.npmjs.org/mdast-util-mdxjs-esm/-/mdast-util-mdxjs-esm-2.0.1.tgz 359ms (cache miss)
1015 http fetch GET 200 https://registry.npmjs.org/vfile-message/-/vfile-message-4.0.3.tgz 361ms (cache miss)
1016 http fetch GET 200 https://registry.npmjs.org/unist-util-position/-/unist-util-position-5.0.0.tgz 360ms (cache miss)
1017 http fetch GET 200 https://registry.npmjs.org/unist-util-stringify-position/-/unist-util-stringify-position-4.0.0.tgz 363ms (cache miss)
1018 http fetch GET 200 https://registry.npmjs.org/comma-separated-tokens/-/comma-separated-tokens-2.0.3.tgz 363ms (cache miss)
1019 http fetch GET 200 https://registry.npmjs.org/dequal/-/dequal-2.0.3.tgz 364ms (cache miss)
1020 http fetch GET 200 https://registry.npmjs.org/@types/mdast/-/mdast-4.0.4.tgz 368ms (cache miss)
1021 http fetch GET 200 https://registry.npmjs.org/recma-build-jsx/-/recma-build-jsx-1.0.0.tgz 365ms (cache miss)
1022 http fetch GET 200 https://registry.npmjs.org/estree-walker/-/estree-walker-3.0.3.tgz 366ms (cache miss)
1023 http fetch GET 200 https://registry.npmjs.org/hast-util-whitespace/-/hast-util-whitespace-3.0.0.tgz 369ms (cache miss)
1024 http fetch GET 200 https://registry.npmjs.org/rehype-recma/-/rehype-recma-1.0.0.tgz 369ms (cache miss)
1025 http fetch GET 200 https://registry.npmjs.org/mdast-util-mdx-jsx/-/mdast-util-mdx-jsx-3.2.0.tgz 373ms (cache miss)
1026 http fetch GET 200 https://registry.npmjs.org/remark-parse/-/remark-parse-11.0.0.tgz 372ms (cache miss)
1027 http fetch GET 200 https://registry.npmjs.org/recma-jsx/-/recma-jsx-1.0.1.tgz 376ms (cache miss)
1028 http fetch GET 200 https://registry.npmjs.org/devlop/-/devlop-1.1.0.tgz 377ms (cache miss)
1029 http fetch GET 200 https://registry.npmjs.org/unist-util-is/-/unist-util-is-6.0.1.tgz 384ms (cache miss)
1030 http fetch GET 200 https://registry.npmjs.org/recma-stringify/-/recma-stringify-1.0.0.tgz 380ms (cache miss)
1031 http fetch GET 200 https://registry.npmjs.org/@types/unist/-/unist-3.0.3.tgz 383ms (cache miss)
1032 http fetch GET 200 https://registry.npmjs.org/unist-util-position-from-estree/-/unist-util-position-from-estree-2.0.0.tgz 386ms (cache miss)
1033 http fetch GET 200 https://registry.npmjs.org/markdown-extensions/-/markdown-extensions-2.0.0.tgz 388ms (cache miss)
1034 http fetch GET 200 https://registry.npmjs.org/estree-util-is-identifier-name/-/estree-util-is-identifier-name-3.0.0.tgz 390ms (cache miss)
1035 http fetch GET 200 https://registry.npmjs.org/@types/mdx/-/mdx-2.0.13.tgz 390ms (cache miss)
1036 http fetch GET 200 https://registry.npmjs.org/unist-util-visit/-/unist-util-visit-5.1.0.tgz 389ms (cache miss)
1037 http fetch GET 200 https://registry.npmjs.org/estree-util-scope/-/estree-util-scope-1.0.0.tgz 395ms (cache miss)
1038 http fetch GET 200 https://registry.npmjs.org/@types/hast/-/hast-3.0.4.tgz 395ms (cache miss)
1039 http fetch GET 200 https://registry.npmjs.org/vfile-matter/-/vfile-matter-5.0.1.tgz 395ms (cache miss)
1040 http fetch GET 200 https://registry.npmjs.org/unist-util-remove/-/unist-util-remove-4.0.0.tgz 395ms (cache miss)
1041 http fetch GET 200 https://registry.npmjs.org/collapse-white-space/-/collapse-white-space-2.1.0.tgz 397ms (cache miss)
1042 http fetch GET 200 https://registry.npmjs.org/mdast-util-mdx-expression/-/mdast-util-mdx-expression-2.0.1.tgz 402ms (cache miss)
1043 http fetch GET 200 https://registry.npmjs.org/@mdx-js/react/-/react-3.1.1.tgz 397ms (cache miss)
1044 http fetch GET 200 https://registry.npmjs.org/@types/estree-jsx/-/estree-jsx-1.0.5.tgz 398ms (cache miss)
1045 http fetch GET 200 https://registry.npmjs.org/micromark-util-subtokenize/-/micromark-util-subtokenize-2.1.0.tgz 408ms (cache miss)
1046 http fetch GET 200 https://registry.npmjs.org/remark-mdx/-/remark-mdx-3.1.1.tgz 402ms (cache miss)
1047 http fetch GET 200 https://registry.npmjs.org/hast-util-to-estree/-/hast-util-to-estree-3.1.3.tgz 417ms (cache miss)
1048 http fetch GET 200 https://registry.npmjs.org/hast-util-to-jsx-runtime/-/hast-util-to-jsx-runtime-2.3.6.tgz 408ms (cache miss)
1049 http fetch GET 200 https://registry.npmjs.org/clsx/-/clsx-2.1.1.tgz 408ms (cache miss)
1050 http fetch GET 200 https://registry.npmjs.org/@types/unist/-/unist-2.0.11.tgz 409ms (cache miss)
1051 http fetch GET 200 https://registry.npmjs.org/remark-rehype/-/remark-rehype-11.1.2.tgz 418ms (cache miss)
1052 http fetch GET 200 https://registry.npmjs.org/@web3forms/react/-/react-1.1.3.tgz 431ms (cache miss)
1053 http fetch GET 200 https://registry.npmjs.org/micromark-util-symbol/-/micromark-util-symbol-2.0.1.tgz 441ms (cache miss)
1054 http fetch GET 200 https://registry.npmjs.org/style-to-js/-/style-to-js-1.1.21.tgz 448ms (cache miss)
1055 http fetch GET 200 https://registry.npmjs.org/unified/-/unified-11.0.5.tgz 452ms (cache miss)
1056 http fetch GET 200 https://registry.npmjs.org/source-map/-/source-map-0.7.6.tgz 454ms (cache miss)
1057 http fetch GET 200 https://registry.npmjs.org/mdast-util-from-markdown/-/mdast-util-from-markdown-2.0.3.tgz 470ms (cache miss)
1058 http fetch GET 200 https://registry.npmjs.org/fuse.js/-/fuse.js-7.1.0.tgz 477ms (cache miss)
1059 http fetch GET 200 https://registry.npmjs.org/vfile/-/vfile-6.0.3.tgz 483ms (cache miss)
1060 http fetch GET 200 https://registry.npmjs.org/next-mdx-remote/-/next-mdx-remote-6.0.0.tgz 512ms (cache miss)
1061 http fetch GET 200 https://registry.npmjs.org/tailwind-merge/-/tailwind-merge-3.5.0.tgz 552ms (cache miss)
1062 http fetch GET 200 https://registry.npmjs.org/property-information/-/property-information-7.1.0.tgz 562ms (cache miss)
1063 http fetch GET 200 https://registry.npmjs.org/mdast-util-to-hast/-/mdast-util-to-hast-13.2.1.tgz 605ms (cache miss)
1064 http fetch GET 200 https://registry.npmjs.org/@mdx-js/mdx/-/mdx-3.1.1.tgz 594ms (cache miss)
1065 http fetch GET 200 https://registry.npmjs.org/micromark/-/micromark-4.0.2.tgz 600ms (cache miss)
1066 http fetch GET 200 https://registry.npmjs.org/motion-utils/-/motion-utils-12.29.2.tgz 623ms (cache miss)
1067 http fetch GET 200 https://registry.npmjs.org/micromark-core-commonmark/-/micromark-core-commonmark-2.0.3.tgz 666ms (cache miss)
1068 http fetch GET 200 https://registry.npmjs.org/mdast-util-to-markdown/-/mdast-util-to-markdown-2.1.2.tgz 694ms (cache miss)
1069 http fetch GET 200 https://registry.npmjs.org/yaml/-/yaml-2.8.2.tgz 821ms (cache miss)
1070 http fetch GET 200 https://registry.npmjs.org/framer-motion/-/framer-motion-12.35.2.tgz 1096ms (cache miss)
1071 http fetch GET 200 https://registry.npmjs.org/motion-dom/-/motion-dom-12.35.2.tgz 1153ms (cache miss)
1072 http fetch GET 200 https://registry.npmjs.org/lucide-react/-/lucide-react-0.577.0.tgz 2485ms (cache miss)
1073 silly ADD node_modules/yaml
1074 silly ADD node_modules/unist-util-visit-parents
1075 silly ADD node_modules/trough
1076 silly ADD node_modules/is-plain-obj
1077 silly ADD node_modules/extend
1078 silly ADD node_modules/bail
1079 silly ADD node_modules/inline-style-parser
1080 silly ADD node_modules/style-to-object
1081 silly ADD node_modules/character-entities-html4
1082 silly ADD node_modules/trim-lines
1083 silly ADD node_modules/@ungap/structured-clone
1084 silly ADD node_modules/mdast-util-to-hast
1085 silly ADD node_modules/micromark-util-events-to-acorn
1086 silly ADD node_modules/micromark-factory-mdx-expression
1087 silly ADD node_modules/micromark-extension-mdxjs-esm
1088 silly ADD node_modules/micromark-extension-mdx-md
1089 silly ADD node_modules/micromark-extension-mdx-jsx
1090 silly ADD node_modules/micromark-extension-mdx-expression
1091 silly ADD node_modules/micromark-extension-mdxjs
1092 silly ADD node_modules/mdast-util-mdx
1093 silly ADD node_modules/estree-util-attach-comments
1094 silly ADD node_modules/hast-util-to-estree
1095 silly ADD node_modules/estree-util-visit
1096 silly ADD node_modules/esast-util-from-estree
1097 silly ADD node_modules/esast-util-from-js
1098 silly ADD node_modules/astring
1099 silly ADD node_modules/recma-parse
1100 silly ADD node_modules/estree-util-to-js
1101 silly ADD node_modules/estree-util-build-jsx
1102 silly ADD node_modules/is-alphabetical
1103 silly ADD node_modules/is-hexadecimal
1104 silly ADD node_modules/is-decimal
1105 silly ADD node_modules/is-alphanumerical
1106 silly ADD node_modules/character-reference-invalid
1107 silly ADD node_modules/character-entities-legacy
1108 silly ADD node_modules/micromark-util-html-tag-name
1109 silly ADD node_modules/micromark-factory-whitespace
1110 silly ADD node_modules/micromark-factory-title
1111 silly ADD node_modules/micromark-factory-label
1112 silly ADD node_modules/micromark-factory-destination
1113 silly ADD node_modules/@types/ms
1114 silly ADD node_modules/micromark-util-subtokenize
1115 silly ADD node_modules/micromark-util-sanitize-uri
1116 silly ADD node_modules/micromark-util-resolve-all
1117 silly ADD node_modules/micromark-util-encode
1118 silly ADD node_modules/micromark-util-combine-extensions
1119 silly ADD node_modules/micromark-util-chunked
1120 silly ADD node_modules/micromark-util-character
1121 silly ADD node_modules/micromark-factory-space
1122 silly ADD node_modules/micromark-core-commonmark
1123 silly ADD node_modules/@types/debug
1124 silly ADD node_modules/unist-util-is
1125 silly ADD node_modules/zwitch
1126 silly ADD node_modules/micromark-util-classify-character
1127 silly ADD node_modules/mdast-util-phrasing
1128 silly ADD node_modules/longest-streak
1129 silly ADD node_modules/stringify-entities
1130 silly ADD node_modules/parse-entities
1131 silly ADD node_modules/parse-entities/node_modules/@types/unist
1132 silly ADD node_modules/ccount
1133 silly ADD node_modules/character-entities
1134 silly ADD node_modules/micromark-util-types
1135 silly ADD node_modules/micromark-util-symbol
1136 silly ADD node_modules/micromark-util-normalize-identifier
1137 silly ADD node_modules/micromark-util-decode-string
1138 silly ADD node_modules/micromark-util-decode-numeric-character-reference
1139 silly ADD node_modules/micromark
1140 silly ADD node_modules/mdast-util-to-string
1141 silly ADD node_modules/decode-named-character-reference
1142 silly ADD node_modules/mdast-util-to-markdown
1143 silly ADD node_modules/mdast-util-from-markdown
1144 silly ADD node_modules/@types/mdast
1145 silly ADD node_modules/vfile-message
1146 silly ADD node_modules/unist-util-position
1147 silly ADD node_modules/style-to-js
1148 silly ADD node_modules/space-separated-tokens
1149 silly ADD node_modules/property-information
1150 silly ADD node_modules/mdast-util-mdxjs-esm
1151 silly ADD node_modules/mdast-util-mdx-jsx
1152 silly ADD node_modules/mdast-util-mdx-expression
1153 silly ADD node_modules/hast-util-whitespace
1154 silly ADD node_modules/comma-separated-tokens
1155 silly ADD node_modules/dequal
1156 silly ADD node_modules/@types/unist
1157 silly ADD node_modules/unist-util-stringify-position
1158 silly ADD node_modules/unist-util-position-from-estree
1159 silly ADD node_modules/unified
1160 silly ADD node_modules/source-map
1161 silly ADD node_modules/remark-rehype
1162 silly ADD node_modules/remark-parse
1163 silly ADD node_modules/remark-mdx
1164 silly ADD node_modules/rehype-recma
1165 silly ADD node_modules/recma-stringify
1166 silly ADD node_modules/recma-jsx
1167 silly ADD node_modules/recma-build-jsx
1168 silly ADD node_modules/markdown-extensions
1169 silly ADD node_modules/hast-util-to-jsx-runtime
1170 silly ADD node_modules/estree-walker
1171 silly ADD node_modules/estree-util-scope
1172 silly ADD node_modules/estree-util-is-identifier-name
1173 silly ADD node_modules/devlop
1174 silly ADD node_modules/collapse-white-space
1175 silly ADD node_modules/@types/mdx
1176 silly ADD node_modules/@types/hast
1177 silly ADD node_modules/@types/estree-jsx
1178 silly ADD node_modules/vfile-matter
1179 silly ADD node_modules/vfile
1180 silly ADD node_modules/unist-util-visit
1181 silly ADD node_modules/unist-util-remove
1182 silly ADD node_modules/@mdx-js/react
1183 silly ADD node_modules/@mdx-js/mdx
1184 silly ADD node_modules/motion-utils
1185 silly ADD node_modules/motion-dom
1186 silly ADD node_modules/tailwind-merge
1187 silly ADD node_modules/next-mdx-remote
1188 silly ADD node_modules/lucide-react
1189 silly ADD node_modules/fuse.js
1190 silly ADD node_modules/framer-motion
1191 silly ADD node_modules/clsx
1192 silly ADD node_modules/@web3forms/react
1193 verbose cwd /Users/manvinderrayat/Desktop/Projects/manvinderportfolio
1194 verbose os Darwin 25.3.0
1195 verbose node v25.1.0
1196 verbose npm  v11.6.2
1197 notice
1197 notice New [33mminor[39m version of npm available! [33m11.6.2[39m -> [34m11.11.0[39m
1197 notice Changelog: [34mhttps://github.com/npm/cli/releases/tag/v11.11.0[39m
1197 notice To update run: [4mnpm install -g npm@11.11.0[24m
1197 notice  { force: true, Symbol(proc-log.meta): true }
1198 verbose exit 0
1199 info ok
